product_sk,product_nk,product_name,category,warehouse_created_at
14104062014961917116,5000,Sharable bifurcated algorithm,Electronics,2025-01-01T00:00:00
10858607304849224486,5001,Fully-configurable directional challenge,Home,2025-01-01T00:00:00
17807705055515662610,5002,Synergistic user-facing moratorium,Clothing,2025-01-01T00:00:00
1384425095853848014,5003,Reverse-engineered interactive alliance,Electronics,2025-01-01T00:00:00
8824460340503495810,5004,Cross-group didactic emulation,Books,2025-01-01T00:00:00
10748775152141397283,5005,Robust 4thgeneration open architecture,Books,2025-01-01T00:00:00
5615229796006274076,5006,Universal solution-oriented standardization,Electronics,2025-01-01T00:00:00
9547060395277548482,5007,Operative directional knowledge user,Electronics,2025-01-01T00:00:00
9471188876978777325,5008,Adaptive well-modulated workforce,Clothing,2025-01-01T00:00:00
17480337276963064880,5009,Total interactive Graphical User Interface,Books,2025-01-01T00:00:00
5330870594164918989,5010,Distributed didactic task-force,Books,2025-01-01T00:00:00
13970797764217007242,5011,Customer-focused background implementation,Books,2025-01-01T00:00:00
5332133731038200388,5012,Multi-channeled grid-enabled portal,Clothing,2025-01-01T00:00:00
1113069664584172632,5013,Balanced upward-trending knowledgebase,Books,2025-01-01T00:00:00
16869741523285102812,5014,Decentralized homogeneous artificial intelligence,Electronics,2025-01-01T00:00:00
15951633228824292133,5015,Implemented responsive process improvement,Sports,2025-01-01T00:00:00
12090486161298385301,5016,Re-engineered content-based strategy,Home,2025-01-01T00:00:00
5013901929724572515,5017,Balanced stable emulation,Clothing,2025-01-01T00:00:00
5617659106526252157,5018,Configurable discrete attitude,Electronics,2025-01-01T00:00:00
17364044536833109315,5019,Grass-roots logistical productivity,Sports,2025-01-01T00:00:00
16040368914515232653,5020,Diverse holistic help-desk,Home,2025-01-01T00:00:00
16518843415869234881,5021,Synchronized encompassing standardization,Books,2025-01-01T00:00:00
1977686040855500764,5022,Robust scalable concept,Electronics,2025-01-01T00:00:00
455430946588686784,5023,Upgradable dynamic complexity,Sports,2025-01-01T00:00:00
7453981014070442937,5024,Multi-tiered encompassing productivity,Electronics,2025-01-01T00:00:00
5818697228068800218,5025,Face-to-face systemic Graphic Interface,Electronics,2025-01-01T00:00:00
3468005635999818085,5026,Focused 5thgeneration workforce,Home,2025-01-01T00:00:00
15630133352838686689,5027,Open-architected encompassing architecture,Books,2025-01-01T00:00:00
14404221528583086594,5028,Re-contextualized transitional functionalities,Books,2025-01-01T00:00:00
7520130956591185983,5029,Streamlined modular infrastructure,Electronics,2025-01-01T00:00:00
14571309164620107359,5030,Digitized empowering challenge,Clothing,2025-01-01T00:00:00
14153773305520921147,5031,User-friendly next generation monitoring,Electronics,2025-01-01T00:00:00
16846359385555957683,5032,User-friendly optimal interface,Electronics,2025-01-01T00:00:00
18392544249783544741,5033,Open-architected high-level definition,Home,2025-01-01T00:00:00
10743888491563821042,5034,Profound modular array,Home,2025-01-01T00:00:00
2974886376262008242,5035,Customizable coherent product,Home,2025-01-01T00:00:00
9369521316535937460,5036,Synergized interactive policy,Clothing,2025-01-01T00:00:00
14432713628461492166,5037,Networked homogeneous policy,Home,2025-01-01T00:00:00
4311857372221876141,5038,Progressive eco-centric neural-net,Electronics,2025-01-01T00:00:00
1116271689836446405,5039,Synergized uniform budgetary management,Clothing,2025-01-01T00:00:00
3923348624763699602,5040,Versatile encompassing throughput,Clothing,2025-01-01T00:00:00
6761961852717272116,5041,Customizable explicit Internet solution,Sports,2025-01-01T00:00:00
16830658530734773345,5042,Persevering 24hour success,Home,2025-01-01T00:00:00
14439389521597342401,5043,Profit-focused well-modulated conglomeration,Books,2025-01-01T00:00:00
9739939302990480397,5044,Customer-focused responsive framework,Home,2025-01-01T00:00:00
11893645406669463269,5045,Robust dedicated collaboration,Clothing,2025-01-01T00:00:00
5307440574588919111,5046,Virtual cohesive moratorium,Home,2025-01-01T00:00:00
13126347534268200406,5047,Adaptive radical Graphic Interface,Home,2025-01-01T00:00:00
17890215306842844262,5048,Ameliorated bifurcated hierarchy,Clothing,2025-01-01T00:00:00
7512030120466455442,5049,Front-line analyzing encoding,Home,2025-01-01T00:00:00
