order_sk,order_nk,customer_sk,product_sk,order_date_sk,quantity,order_amount_usd,currency
7364077368245021882,9fbe964e-a29d-4eef-a987-168fa8a3752c,920509120069215376,5818697228068800218,14253285926154222,9,28.5,USD
7364077368245021882,9fbe964e-a29d-4eef-a987-168fa8a3752c,920509120069215376,5818697228068800218,14253285926154222,9,28.5,USD
2235586886486007304,2c6f9c23-96d5-4795-a966-67db6a85f511,8389298539224694648,17890215306842844262,6106358434601848133,1,376.7,USD
17667997157344428663,c1d25833-3e3e-448d-aa5f-7b8de0fe6a73,6817037525539615223,7453981014070442937,2657645902711986711,2,506.14,USD
13247725331040715886,00d8df3a-344b-4d64-a997-1bad963ed233,17547832241537018402,17890215306842844262,3243217902423568956,8,2114.87,USD
12144173979373329866,4e88b4ad-7d54-45c2-a271-b2512aba8541,12280908575051917464,17480337276963064880,4940047686928363096,5,379.55,USD
5573177714832768787,d69cc867-bc67-4cbd-a9ae-2b5ffe44ed6e,13437799879320047982,15951633228824292133,10985922141811218432,3,829.74,USD
5576617536011457666,b33fd7f9-4100-430f-a2df-8087e8937f53,8255403621531401548,12090486161298385301,5114991630237533223,4,562.67,USD
9824128384650979448,d4657ef4-4f5a-4d69-a3a4-bd7348ac4f97,7533457185702676899,14404221528583086594,4911079655515163724,7,1117.48,USD
10321536691015899350,94f683ad-8325-4aa5-a0a3-3b04d6979d3c,2958105162749436827,17807705055515662610,9108241751439521978,2,192.88,USD
5394689237330408242,7fe3131c-cf74-451c-a8c9-4ad3cc03d3e9,2977405823986779671,5307440574588919111,2499425823715599106,5,1259.66,USD
1631076551985696306,d29736c4-b8a8-4618-aade-3a184be70b08,13669253715026400973,3468005635999818085,16413159822373232317,8,2968.87,USD
16195038215330848911,153ade69-8f4f-4857-a4d8-528b21083246,11216341723394462186,15630133352838686689,5900426755771783233,2,469.98,USD
3176982904269040234,d89d2d32-edf8-4046-afa5-274c51834ee5,9879735446713885286,17890215306842844262,8332436461152998507,1,376.7,USD
2418536227490350771,804da791-aa90-4ac3-a123-b90c59fcdd1f,8818931395701863016,14104062014961917116,2423028372458125409,8,1074.1,USD
8390117369220949098,55f52e68-99ae-4ed8-aba3-723b7ef59f1f,1232516160825967651,1384425095853848014,8410335284721418487,5,1464.92,USD
11417201688888540147,0c682c2b-758d-4a3f-af51-c545f1e5321e,8567597225279587150,15951633228824292133,1050787106337636083,9,2771.11,USD
13596969307005900750,304ee850-7b92-4b64-a045-104d7df8ab71,9879735446713885286,1116271689836446405,2386871479811311173,8,1419.92,USD
7794668442705888121,563ab9cd-17e0-44fe-a047-b25eb7d300e2,17186562430826801141,14104062014961917116,14535873267409057471,13,1466.41,USD
5500230823877141191,2bdec1e5-b867-46a3-abf5-3e76d1ab57a9,17531817652409203160,12090486161298385301,14515474044333630770,9,2005.36,USD
5391497057203028869,b7b88b9f-dc5c-42a3-ad86-ae9a4f508ec7,8182814147756535668,10743888491563821042,8309345537395560394,4,1506.41,USD
16544030882254042759,cdfb845c-698d-46cd-afc4-3e71bf4c8f91,13669253715026400973,14439389521597342401,2982833146922758422,4,15.9861,USD
4052841382579967684,492913fe-5e32-45e6-a381-eed16610afd4,11422995361579743588,10858607304849224486,8519895245466832189,5,612.21,USD
8016368502447759280,c726905b-9607-40dd-a803-8b188e126337,4424505712407503272,16869741523285102812,6173506478393784850,5,755.01,USD
12274190841290757320,1556d50b-0bcd-428c-aa5f-8f45112cdc53,13578254458319508775,12090486161298385301,7500056798237102624,1,106.89,USD
9298768631308806078,ece74f06-41bb-40c3-ac75-973b7bd1569a,4424505712407503272,15630133352838686689,12854603518815638363,7,1621.34,USD
16892246436925324960,2b298e27-904d-4b4b-aba2-7a51667a81a0,7533457185702676899,1116271689836446405,8838838333415094779,7,1663.0,USD
6972394941017519006,128f90cb-2fe5-41e6-a4ec-9756509d3278,13508752807353566057,3468005635999818085,3365151831349494718,6,1697.7,USD
1894013505023441111,15010a84-bd19-4c5e-a95f-3ca1a46cb548,4431326311564229755,1113069664584172632,284251273794681630,7,1849.24,USD
278660268074501373,363db742-423a-45b2-a646-16d50987ab62,274284606613703275,5617659106526252157,6361479217511933351,3,197.34,USD
8971216731119828493,45ec7528-c856-4a4f-aa12-79d60c876dde,16004926081234092175,17480337276963064880,12104799569383719864,2,166.73,USD
11180141029125216301,a1a31b9d-8eb8-4e64-a265-31074d016fea,8389298539224694648,15951633228824292133,14251516664391186410,6,483.95,USD
5085988659381607583,fc5e60fa-c7b8-48d7-a583-3bd4fbc1e860,15973741923856660839,16830658530734773345,10275646580413888962,10,2982.94,USD
15290101807269777358,3ccc63fd-7cb2-498b-a889-215ba50f809f,11216341723394462186,17890215306842844262,2807083080129029955,6,1509.43,USD
7668196715940769587,ad5d02ec-aaec-413a-aba7-6ec774af9764,12388046539553849149,10748775152141397283,485148092849892287,9,2211.56,USD
505643238957404589,b1643d06-e212-4887-a9e6-a701ca8026ad,2674445339303887628,1977686040855500764,16866388585564801540,2,966.46,USD
4807162946664168012,71d5d62c-2899-43b7-a189-71dd1b140537,7431453344301529674,10858607304849224486,5804707667598214400,6,775.44,USD
8637427781639522677,6261669c-9851-41f4-acc9-efaee2b3a770,15973741923856660839,13970797764217007242,13582443637632345839,6,1701.0,USD
18206596723941414285,ab461d21-872b-48c2-a9cb-ee6053ca7227,4424505712407503272,6761961852717272116,11532183980586123100,2,507.34,USD
108229284757609980,9ad99a9f-4f38-41a7-a75b-c9cb7f88cfca,11121683982186872964,9471188876978777325,16503243147376354123,3,1116.56,USD
18146888052502466450,c98583d1-5ac6-4dd6-a711-5a025f9a7e89,3256480249814329146,7512030120466455442,11983398188409139137,1,144.34,USD
13720738154101076869,1a6b8806-277a-4cac-aa2a-e152f655d160,12192275857061571062,5818697228068800218,7003802740540873519,10,29.2828,USD
9866249093834146937,c63ee75b-c210-400a-a92c-bf126e17f122,274284606613703275,8824460340503495810,3923088102252370005,7,277.73,USD
17635986540974038268,bea96d6e-ff08-4d7d-a31a-00e9745231a4,11422995361579743588,6761961852717272116,3439803027562651834,9,1893.21,USD
16359813977511521889,69ad5711-91b2-41d7-a921-17333912efcc,4953213841898352430,14153773305520921147,1931260208991036277,3,371.34,USD
9125588321392572819,9ae59abb-d051-40ed-ad6f-e2a2d9afb0ae,12815140842567195685,15951633228824292133,14428468179735685545,3,683.94,USD
13863052533296138119,4ae37cb7-f6f0-4596-a2e3-36151fae4501,11216341723394462186,10748775152141397283,16418797668919992809,2,563.02,USD
13500143495257778150,6ba597a2-ec67-4db8-a428-7c40c6b6fafd,14289424412277949767,2974886376262008242,12106940420400403840,9,1048.79,USD
6810534702656610919,9f7fa6ae-ea05-4348-ac22-50bb501bdd8a,14277575845010753615,5332133731038200388,785360030100087389,4,976.16,USD
6331581344498100272,48af93cf-ea68-4f30-ad10-2e4f67717d18,2958105162749436827,13970797764217007242,17757015766412927226,5,1261.11,USD
18079235092287008062,31e73b39-af78-4543-a6ae-70732633dccb,8595751530228078735,14571309164620107359,729965323645494667,7,2214.47,USD
18175323993683171686,43ecf9d6-c940-46dc-ad55-3ec32d122fb1,4431326311564229755,15951633228824292133,16021771537715941557,1,227.0,USD
18175323993683171686,43ecf9d6-c940-46dc-ad55-3ec32d122fb1,4431326311564229755,15951633228824292133,16021771537715941557,1,227.0,USD
16437854126213929855,9a358d4f-b8fa-4165-ae30-f3f3cfcde9ea,11216341723394462186,17364044536833109315,15874731943491588324,10,1852.13,USD
18239352296461757353,527687d6-992a-495b-abc7-c80b60251ffe,8255403621531401548,5330870594164918989,11963901734590969312,1,135.31,USD
14718056368114416577,50c12c5c-1bdb-40ba-af86-7b3e37071443,8595751530228078735,9739939302990480397,12069089263535403332,7,638.8,USD
16105767146374215288,9afd692e-87bd-4aa5-a2f6-0dd71e7405db,16649744502536725651,5013901929724572515,4795240122300436819,3,496.21,USD
13780251060128520311,266015f4-012e-459a-a9c9-006cef08f356,10151500343931203507,9739939302990480397,16195356227964568458,8,1690.16,USD
8926093818299655283,2f46fdf6-6cd9-4ff7-ac0f-e71dbeb2b28c,12192275857061571062,14432713628461492166,11983398188409139137,9,2486.61,USD
4136033870343338412,0060b6c0-41fd-4389-a01a-c284250b001c,13663195798255829742,16830658530734773345,6150704227027234182,6,978.47,USD
13440915369247207842,e51ec369-79e6-46f3-a60f-95ba053bb68a,1052862358366864958,9547060395277548482,5619617729475460698,7,430.79,USD
4523286250431325626,d93f069f-adf7-4c32-abda-ed6ff84e6083,14277575845010753615,1113069664584172632,555859657153916609,2,374.62,USD
9313572368417453720,f3cd9f00-e8cd-42d4-a1e0-f7562e3174c4,8567597225279587150,3923348624763699602,16252177038361645898,3,3.3624,USD
4150449224735825764,30c70616-866e-44ab-a1a0-142b765ccda1,8255403621531401548,10748775152141397283,1365417938440974780,6,883.8,USD
14837796307127695821,6bbc8d69-385a-490d-a1fe-192b3724f749,4018683174142623847,2974886376262008242,6453970202604392171,7,2620.57,USD
4772201137440847549,cb7ddbd6-2ce5-4c24-a249-25661885736c,7038614968859943883,14432713628461492166,2177622562749031878,6,1941.68,USD
2530621461794688366,4633dfb6-df00-4bf0-a078-3e96ed1812fe,12147455779224855677,9369521316535937460,10433481942400125356,4,1177.08,USD
9604456991029893634,dc2a838a-8050-43cc-ac98-a5e5ed98e7ac,8389298539224694648,9471188876978777325,4450796068764662959,3,1008.54,USD
13354013556324505861,86cf537d-3f56-4434-a899-44192763c506,12020726575829882357,14104062014961917116,621596378797742688,9,1631.96,USD
7667482242215971291,1fa80ade-9dd7-411d-ab76-76fdc169e21c,2977405823986779671,1116271689836446405,6319863303815976072,1,355.05,USD
10373035279329396422,d01e223c-7680-4b68-a04d-92158264048e,7431453344301529674,17890215306842844262,6766278774880411174,3,1130.1,USD
16599691729300414474,9499d4e7-77d9-4c28-a420-e51c7ed3117f,13578254458319508775,16040368914515232653,6272619759826488066,1,230.41,USD
4607118068692298020,eb2d8df9-5d83-459b-a03b-95fb8f2dc45c,17586210565230153270,14439389521597342401,13706184618291248009,10,2747.7,USD
14545888492140282074,c7eb85eb-c022-494b-af3b-00a7c1496f4e,12192275857061571062,5330870594164918989,1895462702586928405,9,2574.03,USD
10499528685061495576,3d875fbe-2be1-4b23-a218-6f64733b57e5,9599383828596770070,5013901929724572515,149773740596809515,8,1950.73,USD
12971974272368642561,b59b8999-6343-418a-aeaf-43316dad8911,1052862358366864958,3923348624763699602,5367913658998965101,2,365.75,USD
2659454649726152165,362dfad9-bf28-4f15-ad7f-3134e6f65466,929168713003876604,16040368914515232653,14290621424103220982,7,2059.88,USD
13740937051053299107,b43e1718-5eed-41a5-a72a-529371541df3,3256480249814329146,9547060395277548482,4954155561717744408,6,1122.0,USD
16450645565110985460,a3e5fd8c-728f-4497-a879-4a4f448497d4,3575201989033984843,9547060395277548482,18305179978491780787,14,1770.91,USD
15541327844933515575,545f258f-48bd-4a69-ae93-fbb533d2ed7e,16649744502536725651,3923348624763699602,4086527076264578182,2,224.16,USD
3714272858230727406,8067a612-b081-46ca-a305-94c39cdfd743,10856213663032871399,14153773305520921147,4512745999411523564,5,1338.41,USD
17788976276045786123,988bafba-f62d-4c1f-aa97-97949f5ef7d8,9090689796382883940,14153773305520921147,10655157713043154231,3,472.68,USD
12581723145839164319,70169dd4-23c3-4da8-a651-357ce98bf1c7,11120656035847514516,15951633228824292133,8321958811486547770,7,14.8673,USD
15919238251276294480,5796fe35-7068-4583-a2b9-91cc1438c7de,9599383828596770070,16518843415869234881,7166643448062219177,1,178.35,USD
1491569041084346285,c8c71247-07af-4ae5-a108-04baf5d82b3e,12683437240464048505,16869741523285102812,2959282935531330187,3,623.46,USD
5510561556590468003,ae08ac9b-4e41-4158-a497-e03b443934c5,15409000985348395489,9471188876978777325,12282894144487756915,1,336.18,USD
8351623000341116062,13d701c0-a72c-4f65-a703-76b86d895901,2905706615813966013,13126347534268200406,3778852144662498905,3,145.11,USD
7885081864507905076,64f0daec-13e3-4f82-ae53-f01c3f26a521,17186562430826801141,5307440574588919111,9771012236695362619,3,803.7,USD
4368264745865142812,614a3a24-31a6-4ea6-a52e-5121dcc56901,5047314669854929575,14153773305520921147,17121136372164083751,3,472.68,USD
13208828815381704720,ec79ddb3-fd48-45db-a80e-7a1d99a97d61,6332797097132073105,5013901929724572515,11233932115125295231,6,1390.26,USD
16562990381033293668,c416d3b4-d2a6-4fba-a94c-3b4937ae8b72,7431453344301529674,9739939302990480397,14535934834123967451,1,41.65,USD
311248238536775903,0d7c6eb1-f3dd-43fa-ad1f-5958be19fb6b,17586210565230153270,7520130956591185983,5161153508437664630,6,967.96,USD
2626071186026255652,3747a589-004f-4b6f-a392-f575ec7346cd,929168713003876604,5615229796006274076,354611668963613205,11,2092.15,USD
17197710739439516662,eb7a4b16-722d-489d-afac-e450c8fc6330,8595751530228078735,17364044536833109315,5271810661984485326,9,2788.61,USD
9551603493056185629,1a5d6660-9ff2-48dd-a816-0de5631f66c3,13578254458319508775,5013901929724572515,14133699078530497633,5,1033.47,USD
11038820432265460290,7889d0f2-75e1-4359-a2e1-5ff22719e7a8,929168713003876604,1113069664584172632,16945300632803181652,9,2869.85,USD
5660362563015403392,07462634-bbf6-40fc-a15f-c68bb743c4e6,11120656035847514516,14153773305520921147,2571782609669630100,9,1192.17,USD
12271295450560097458,d3b53edc-93c2-4ee4-ab55-6ab3c3abd2ad,6817037525539615223,14104062014961917116,3735340635807227136,1,21.39,USD
9161640425040213414,a985d580-a41d-4b8b-a9c8-851be9c11172,4953213841898352430,14104062014961917116,8445042930751946329,2,42.78,USD
13990147603394141058,67e0d5c3-d90e-43ed-a1b4-b62337cc46d5,17531817652409203160,16830658530734773345,8576794723427887080,9,1898.75,USD
788087496928876073,a837ebe3-f9eb-4089-afdd-ab585a1553bd,2496797906621150963,9739939302990480397,7369146899379291678,9,1413.3,USD
3448016822507781179,d4ce9857-d298-4b9f-a007-d0099f288a02,12020726575829882357,5332133731038200388,10910999287764960054,7,1555.1,USD
2842674529418459482,1e547b27-788d-4c02-a956-10591e06ad9c,11216341723394462186,6761961852717272116,5495198091269847516,10,22.72,USD
2842674529418459482,1e547b27-788d-4c02-a956-10591e06ad9c,11216341723394462186,6761961852717272116,5495198091269847516,10,22.72,USD
1179828080035068329,30c83bf3-6419-4f4a-a8eb-2c69235c15c1,1232516160825967651,5617659106526252157,10180407569842160167,6,1416.45,USD
819144917931820789,bdd8cbfd-479c-4dec-af2b-4553fca7f7b6,4953213841898352430,14571309164620107359,3367782661619875318,12,2662.66,USD
10041349200905708076,e26b7c60-96bf-4f41-ab4d-0a35c0e60c7e,17586210565230153270,14439389521597342401,12190125113694657642,7,961.35,USD
12159532045746215003,0c5c6109-2a29-44ef-ab86-2ff17ba47a0f,11121683982186872964,10748775152141397283,11694797819337187914,8,1935.94,USD
6817299639083022694,83f64056-633d-4cf9-aac7-24c367fbd379,16649744502536725651,9471188876978777325,8928490746795166571,9,1998.18,USD
2032540574740941363,84c6e9ca-f052-4194-ab12-137f96905250,11727997185412714792,16518843415869234881,18223712971639265581,3,692.88,USD
14689380500786071751,86d1ee2d-84b7-401e-a63d-3bce89bb49ad,13508752807353566057,7453981014070442937,12922349805948981733,11,2073.87,USD
6713064352778909784,df2959e4-078c-48f0-a9d2-9d609b565af1,10088283487075516627,5332133731038200388,1550070402000991014,7,2035.72,USD
13286372929935481814,767ad0f2-b242-4bad-a878-ab65c78e0907,16649744502536725651,455430946588686784,3134222994464550482,9,1664.31,USD
1917449458815212537,e6cdcd65-4c32-4198-a543-0b663df157c0,4424505712407503272,3468005635999818085,6543842921070612069,1,416.98,USD
18039929343634506587,96c09339-a4d7-44b4-ab34-2e30e779adc4,16004926081234092175,16040368914515232653,3670663458455912523,1,230.41,USD
969745114850444497,7899b9d2-0c34-403d-a843-94690a8eaf36,10856213663032871399,14571309164620107359,14342852609242504501,7,2069.1,USD
12716664693073632971,036f3f73-f05b-48be-a951-fc861c5f88d4,11392095017914228444,18392544249783544741,5723717389798745408,9,2301.32,USD
11146863127383424028,d886a4eb-e950-4fe9-a699-b3d41e63d3f8,5047314669854929575,1116271689836446405,13895036716649714567,2,710.1,USD
7141734982896890879,150011ff-a89c-4d77-aa3f-b65ba2e8baef,12020726575829882357,8824460340503495810,6106358434601848133,8,1172.4,USD
4034353938028365346,57c3c948-70d7-44b3-ad07-4735dcab9ec1,13505045864676677383,7512030120466455442,5526366467896690985,3,433.02,USD
5212826394844440905,430fff84-7506-424b-ac75-ad556a8965bf,15390744263231747508,7512030120466455442,5630362425921840690,5,516.32,USD
10656308386661937254,9c7a186f-821f-43ec-ad5f-3e34a3cb9107,13993844725797528744,17807705055515662610,4976979951700796796,3,557.26,USD
5810679164188899562,8a728f7d-db26-4b4d-a9c8-b6eb76978002,8595751530228078735,7512030120466455442,4291801653945080551,5,1213.88,USD
18116798851560617646,da15707e-28a4-423a-a453-4bb5ef8255cc,11727997185412714792,9739939302990480397,11788170455272772320,7,16.2758,USD
7775797599112564321,daab9694-2ed4-4967-a27a-86a4eda5b7fb,10088283487075516627,4311857372221876141,5795925895208748483,11,3034.91,USD
3270844301914562754,0040e573-1463-4141-afa7-54c8df89e309,13437799879320047982,13126347534268200406,7417841584330801312,12,1800.67,USD
17391579370838488173,4319ddde-d18f-477b-ad74-fb5717768b8e,12119061926853683230,18392544249783544741,7398784223533514223,4,1111.62,USD
7521092852311344301,0e01aaf0-04b9-49c6-ac12-115619ea3560,16320186227754387663,2974886376262008242,17016765799003686024,7,1426.16,USD
15998326299743736342,ab60e3e0-24cd-4685-a379-fb2e95b33f85,929168713003876604,16830658530734773345,8402540279561948538,6,1630.0,USD
4406367311274460020,2d83c859-60ee-4ed7-a59b-e88045e17bd8,16004926081234092175,5332133731038200388,10863918557102592504,1,299.39,USD
3262927789726196121,c45372b8-ceb3-4986-a56b-cd9f46ddab52,14289424412277949767,2974886376262008242,4844507210619494206,7,1431.39,USD
546894669083532161,97ae8d27-1e1d-4514-a1a5-3b5e23ba3067,11216341723394462186,14439389521597342401,14706894854336442818,8,1608.19,USD
7411648287739851582,608fe6b8-1cd2-408a-a2e6-180306a70f2d,4424505712407503272,5617659106526252157,974542351615302951,12,2865.53,USD
8642547710559691789,54087bd9-be06-4185-a4bb-5e3db33ed839,13578254458319508775,17807705055515662610,15793973942343999581,3,289.32,USD
13782502783291972343,2941b5a3-d988-4162-af93-05f9f676a6c1,2496797906621150963,14153773305520921147,8693581607740906019,3,472.68,USD
5123918124656906646,895a7e0b-04d7-4372-aa25-d50f2e7d5a6c,4431326311564229755,8824460340503495810,3983089474186516367,10,1513.78,USD
12327712880126657478,eb47930a-3cf5-4219-acde-fa55fb5af734,11345042312777282375,16040368914515232653,14636574389885717852,1,230.41,USD
2888411420043885455,56c435d2-36a3-4072-a24b-e125f774422c,2905706615813966013,7453981014070442937,12820470838064258734,7,1565.63,USD
17465172094870055080,32b214cc-1c65-4d47-a16b-1cc06e7668e8,10088283487075516627,10858607304849224486,8866361559068750749,8,2132.6,USD
15316285281108834385,d25d3e8c-6194-4a4f-a0fa-9b2dbb12cb81,6921773394212205792,9471188876978777325,4453255671012477093,7,2391.32,USD
8550084504611730840,3f383d61-4d40-47c1-ab98-f7d884ef7505,7676857010900823613,14439389521597342401,1819612005319176912,11,1915.77,USD
6761201819187598803,7c69ef69-952a-4608-a8ce-2caf1dffedf8,16251487634525660432,7520130956591185983,9675467775177109530,9,2994.27,USD
15270772282277607144,facb5250-d554-4357-a87c-7490b52e9fbd,1298074457214284685,455430946588686784,9893957187705938856,2,712.84,USD
9510144234265072307,33f632e2-79ac-4162-abd1-78617acbe24e,6817037525539615223,12090486161298385301,13807605769343633570,10,14.2752,USD
8885806346444285931,273ee826-99f7-493a-a094-49bfc0dba8ff,10856213663032871399,9739939302990480397,2334266398211717286,12,2462.05,USD
13925348446768203440,8bd64e98-54a2-42a1-a794-f63166c6e3d3,12020726575829882357,16040368914515232653,14611823454689719167,8,983.65,USD
3978304043714844728,4110abd1-da34-4c7a-ac90-1e63b60e5047,16004926081234092175,7512030120466455442,1837305173208093794,7,802.93,USD
6247177028922820015,06c7172e-f131-4fe9-a3a3-24a4e67532d7,12192275857061571062,7453981014070442937,14968485076193341034,10,1435.5,USD
9510548473531985612,b8fcc525-a8ee-4f26-ae10-1dfb5563d51d,15973741923856660839,1116271689836446405,3365151831349494718,3,1065.15,USD
9937064679144823924,0e3aaa9a-c1b5-4fea-ad81-f09eb4e986d4,13696708613812068030,1384425095853848014,4466375642766255860,3,500.54,USD
15780073499586594938,60b5413d-c84e-49fc-a434-c253deb1544f,920509120069215376,14571309164620107359,8691365676923670658,9,1492.88,USD
1708434662730960425,5af12f5a-8624-4c10-a6a2-59f15ddbd870,2424024701023994409,13970797764217007242,8326568073780814606,9,1715.62,USD
15080961028002098722,d3d2783e-15f2-4353-a3b3-db6d981e551d,13663195798255829742,5307440574588919111,13634306530619027504,3,561.83,USD
12060993320322057338,040e6e15-35f4-49ed-ad58-5fe6c501872d,5047314669854929575,16040368914515232653,7870032279384032849,8,949.0,USD
12060993320322057338,040e6e15-35f4-49ed-ad58-5fe6c501872d,5047314669854929575,16040368914515232653,7870032279384032849,8,949.0,USD
18397703677933532249,dfad168a-49f9-4e61-ace4-3398e19dd3e7,10151500343931203507,1384425095853848014,6777151137630148079,4,1413.82,USD
4993084071620084656,1102107e-c6f6-4b2f-a89e-bab43bad3884,14289424412277949767,16869741523285102812,4975547293412980052,7,2012.77,USD
9400073334138638883,76584173-3d8f-4d7a-a58f-ae84277b110b,2311896346552974835,8824460340503495810,5762917649910269694,7,1010.99,USD
702261274236664622,e713872e-c40a-48b2-a499-14ae3b149064,12077478266270420064,14153773305520921147,5312181437796618466,10,2347.37,USD
6994694370320535638,2d2c311e-e977-44b1-a28c-dee18dd6ccc1,5047314669854929575,9739939302990480397,10995693210622117745,3,684.78,USD
16721493138980433276,0373559b-cf71-4c1c-a7a9-97d2979aa397,14289424412277949767,14404221528583086594,5073750253977397953,9,1865.6,USD
15313063697046261340,dee2ddc7-e3c1-4ed9-a939-df0476bc5cdf,2720613993126138763,17364044536833109315,10654894063657471834,2,136.76,USD
4084948447504638693,b6cebf77-a761-4878-ae1e-ebc87385cdc5,4018683174142623847,1977686040855500764,7872383741761896898,4,1168.15,USD
17556529620652445984,d6f65e04-5916-48c0-ada9-2b076877aabf,443523813074526730,16869741523285102812,8691365676923670658,8,1342.71,USD
16132076622474372563,1188f778-2f9d-458b-a40b-8a914ddd1c14,274284606613703275,16869741523285102812,9073495936467760142,12,37.8876,USD
14311432779497977401,c90194bb-f2fc-4121-a0f2-9d4538c9688c,11121683982186872964,7453981014070442937,4802244922654428830,5,652.86,USD
10523060713063942356,412e29d0-4c24-4942-a897-a89206098450,11345042312777282375,9471188876978777325,14986449858421102688,10,2336.11,USD
17773527128538545516,ffd9ccfc-cf2d-4a02-a428-84b31ac738dc,1406401059029599408,1113069664584172632,6190264600228653606,6,1197.78,USD
9585202847572206745,204b5092-0a5c-41c5-a059-81c9cd984aff,4953213841898352430,7453981014070442937,2628225089716773710,6,1980.82,USD
6771142211894590539,ae1b2a66-185c-40a2-a96b-6b7496656c6f,14289424412277949767,3468005635999818085,6938547499704333093,7,1066.54,USD
9274518548200697780,19dc0ebe-a3e3-4da3-a94d-e964cfd091c5,13663195798255829742,7453981014070442937,11560338758135656717,6,1231.89,USD
2955323943858941660,b8dfb4df-41c8-4920-a982-b3c0228a4b67,4805686739889263458,5307440574588919111,13172441026412732755,5,1339.5,USD
9108848250276455588,9fe8bdbb-78d1-40f6-a972-cfdfa13d3f46,7533457185702676899,17890215306842844262,6106358434601848133,1,376.7,USD
2261960661123666218,8f78cf87-1aa3-4b2d-a5e6-3ecf83fa2a4e,9879735446713885286,16846359385555957683,11408479642122787594,5,1573.37,USD
376197558261391914,50049241-de4e-4ff3-a1a6-fbed272db6c3,3487886234709579803,2974886376262008242,12457554076448341452,11,2226.67,USD
17934359545417732783,480a6be6-783c-463f-a365-bd646202c898,12020726575829882357,1977686040855500764,4965453008584467206,7,1634.57,USD
14034031934255422737,bb1f9665-93cd-47a6-a538-9250a93a5352,920509120069215376,10748775152141397283,6059010786263533663,2,563.02,USD
3182970466894290676,c555706a-de21-48af-a88f-51894af2332d,12147455779224855677,10748775152141397283,8344133227941925482,4,1070.36,USD
2317462975572039134,2a67f55b-458f-4b25-a225-d13b6afa7d5f,1298074457214284685,17807705055515662610,2901164437718720460,5,869.65,USD
13858718959716780594,ca0b6ba2-4f40-47df-a990-7879dbf5a97e,2720613993126138763,8824460340503495810,2324017567459684771,10,1923.0,USD
3140142051803510746,593a4997-bd0b-4613-a049-cc38afcbd01d,2905706615813966013,15630133352838686689,8414254508953247950,1,242.0,USD
17822386354586738731,5323a9d3-a9e9-4434-a5d0-88016b710e06,13696708613812068030,14404221528583086594,403142414103496480,7,1184.44,USD
12582664520976806270,0d79eff7-02c9-4c53-af49-1f35f3b26706,3648768365220377127,17480337276963064880,3304752801759548187,5,617.68,USD
16497477623800472924,23dcb51e-d7ae-42fc-a746-b92243a5c2f9,6921773394212205792,10748775152141397283,17142312960698785127,4,995.0,USD
7384727177549364054,f8d95bd2-7571-475e-a7de-c62abba1ad29,929168713003876604,4311857372221876141,6457550636196907907,9,16.3928,USD
3453477967163820831,ef1c6965-4d37-4feb-a8a3-791190413ab2,17639160232696939391,5330870594164918989,17929166525643229195,2,270.62,USD
2872760819213359275,ea5b751a-7e91-411e-aa83-9568d075520f,1052862358366864958,5307440574588919111,2791691432936170911,4,1158.75,USD
3347050085263005909,167f39ce-5b67-44c8-a580-af0944f9236a,2496797906621150963,16518843415869234881,13627542824926993772,10,2407.72,USD
9314045541439705751,be982fb3-f917-48f7-ae5c-23013e8e0372,12119061926853683230,16040368914515232653,17179547547962813729,4,1194.38,USD
11826362768090004918,caf0c4f8-d8a2-45b7-a30d-7605cd64e2bf,17547832241537018402,10858607304849224486,3340025137116380565,12,2194.94,USD
15929006252723961992,fa51303c-eceb-46f5-a0e1-018fc23dfe97,8182814147756535668,4311857372221876141,11686543570121662443,10,2295.73,USD
13062673544184824391,986952a4-4123-43dc-a8e5-47bc65ad3932,8818931395701863016,17807705055515662610,5326763918317041064,12,2493.81,USD
5814193699157460573,5ac0e54e-bc85-4805-af92-a3c5ecfcd0d8,821336753200851348,9739939302990480397,4604333091843564556,9,1497.51,USD
5109605570989894454,9e5cbc2a-5611-455b-a8a1-0ad52cc758bd,11120656035847514516,16040368914515232653,6981118323188455770,6,378.37,USD
1371416396971777298,bca55ca0-af26-499a-a0b8-115bbe488a86,821336753200851348,5818697228068800218,11712596136367222067,6,1436.58,USD
8963342317848258665,8b5f1ce2-3dac-4ade-a1a6-e53a60135ba0,14464703931505424934,11893645406669463269,7260952699799232578,1,26.03,USD
11524763554775905988,fb9fcc0e-695c-48f7-ae77-16c6a0947d90,11727997185412714792,16040368914515232653,8731922577685942074,7,1457.5,USD
2151116765502072903,2afee4b1-0ec2-4f17-a7c4-f35b3c9c75f0,13669253715026400973,1116271689836446405,5609570627943732085,5,1102.46,USD
11166302137923694426,3022a4d5-7cb7-48de-acbb-c1818217f671,350664482835657035,3468005635999818085,7959913928562660658,9,2346.99,USD
16034989985894173359,c9eb8c9d-6fa7-4b11-a75e-40677f3c887b,11216341723394462186,1384425095853848014,9028307681772425299,11,3379.79,USD
14655028536607699997,645e7d68-3b4c-42b3-a955-7a80cacfab4b,14277575845010753615,5617659106526252157,13223325285222638804,3,288.96,USD
7078642129801590235,36e1df30-0ac1-4a30-a88b-7ffa9a663d77,12119061926853683230,5013901929724572515,1761996290634332990,3,676.77,USD
9213623477383244278,0ce53893-657f-497a-a549-26f24cb1c259,2977405823986779671,15630133352838686689,5984852468476066239,2,495.67,USD
575140717472162838,7ac950e8-6349-4982-adbc-29e0c1931dbd,11120656035847514516,7512030120466455442,5434413105098804902,1,144.34,USD
11449680773311731448,1f9fb950-599b-408e-ac55-ed1df42cbaf5,2448631077044835882,5330870594164918989,11769745542300483839,9,26.94,USD
11449680773311731448,1f9fb950-599b-408e-ac55-ed1df42cbaf5,2448631077044835882,5330870594164918989,11769745542300483839,9,26.94,USD
17924699442069249020,c4127013-123a-45b5-a874-7775e1f137b6,350664482835657035,9471188876978777325,15833914143888741799,2,672.36,USD
13466472768999694745,bed0b714-d749-4941-aa53-ff4cb6c54ae9,17639160232696939391,15951633228824292133,4086527076264578182,8,975.27,USD
15840475289540851513,7bb66c1e-2332-4fec-a9b4-2ee96e4c20a8,10151500343931203507,7520130956591185983,949023042699949977,8,239.32,USD
18103149122452568539,c6894c88-eb18-47ab-afd0-44fe32fcdc45,1406401059029599408,1113069664584172632,10109699715904228648,10,2049.77,USD
2579449428779558010,4f872a51-530f-490d-a81f-164c7454e138,8567597225279587150,14404221528583086594,11453773934370131574,3,303.67,USD
6919674148010866040,f907fa86-c25d-428c-a577-6da43dd15465,920509120069215376,12090486161298385301,17128715537802885701,4,584.72,USD
3301477711496789704,8fa4d552-a441-4b5f-a027-2c09add96f9b,9244574674031748102,14571309164620107359,8691365676923670658,4,523.54,USD
16665524600627703193,00e75ed9-f919-4319-ab00-0554bdb5f1a8,5047314669854929575,14571309164620107359,5008431392830881659,4,1039.18,USD
18143836668733259781,5ae00ac5-8eb2-4372-a453-4f2f5a2b4a6c,1217956254677761175,6761961852717272116,16156655991579629784,6,1667.43,USD
13009110579324943422,a6a64184-f0e4-4fd1-a8b0-5f1cfbb4c681,17586210565230153270,14439389521597342401,11928853468607480280,9,2326.83,USD
10052004294037476775,514417aa-1a54-429c-a9c3-d9db061fc424,7038614968859943883,5617659106526252157,9209989097148487857,10,1173.13,USD
6351623594718341869,d1162991-1d4e-40dc-a286-7bc598e2d003,12020726575829882357,455430946588686784,16838663424747266587,2,712.84,USD
9613912420911449229,9b203b14-d7d4-4285-a52e-21c01d64e179,14277575845010753615,7512030120466455442,16195356227964568458,8,1429.66,USD
3153005684124396254,1480e8c8-867c-457a-ae3a-fc1bbba588c1,327178876041611827,17480337276963064880,16678583779740363573,14,3112.31,USD
14778550135562259559,a9cc7d28-c651-4ec3-a97e-234a22a68ee7,4018683174142623847,15630133352838686689,4369587700201155337,1,242.0,USD
16527083819320765542,38acd6b3-f9bf-4c64-a47e-987c243aa04a,8567597225279587150,11893645406669463269,9621038035420525598,1,26.03,USD
7703438497019233174,659f14b2-d056-4388-aaee-9006a0c2a7df,7038614968859943883,5330870594164918989,11418313343104744111,5,707.58,USD
10476371736120902253,dbbe7a3f-e418-4a72-a301-c09b6b64e150,12077478266270420064,3923348624763699602,3380160364365916100,8,1618.15,USD
7402896238463098721,43cdbeb0-1e0a-4fc9-acc1-95ad8bff1f55,6266732562705113200,455430946588686784,90953182998535233,8,1290.12,USD
14418883999065241292,9e6209b0-bee2-403b-a9b1-b2ff92034896,14289424412277949767,16846359385555957683,11544654025029289610,3,7.6233,USD
18181795709791889077,a46e81fb-9a8d-409c-a139-87e23997aaa1,443523813074526730,7520130956591185983,282352030795834033,2,70.06,USD
14563289073058164221,f9619fa9-055e-4331-a2dc-b33cdf8692ab,9879735446713885286,5332133731038200388,17559088850558635689,7,873.98,USD
2795382078049525619,2af71a67-a24d-4ece-a501-21ecfec63eba,11121683982186872964,3468005635999818085,4180037526092809730,1,416.98,USD
11094162355884960945,be8aa1b8-e0bd-4486-a2ff-fc020ce21f6c,10787501373861191850,5615229796006274076,15337549258335212806,4,928.96,USD
16928132226566951958,e1b47a5c-1c72-4804-a583-b634a2554ed1,17586210565230153270,7520130956591185983,13272617611657641450,7,545.0,USD
16152010361910496809,b97c72f1-625c-470d-a0dd-d1db37c3b3bd,13993844725797528744,16040368914515232653,8576794723427887080,5,783.15,USD
13271019677659689860,b6146761-18b3-4705-ad57-78290fb602a3,11121683982186872964,5330870594164918989,4685200718705218192,2,270.62,USD
1046614410770893394,37c083aa-aa17-4878-a9ea-b3f82fad7ab2,11216341723394462186,7520130956591185983,15399619356431087346,6,556.71,USD
3227024447798515934,5e26d478-afba-4627-a55e-d72ec4bceedf,929168713003876604,1977686040855500764,6684144161940947233,4,1264.3,USD
11021308730189581817,e37c30f4-0f0a-4974-a9be-da904087b61c,3256480249814329146,15951633228824292133,4774324074354104280,9,2429.06,USD
18324643722703705554,3df64f96-6aa8-4453-aca9-1fed92943aaf,13508752807353566057,16518843415869234881,10883610857864148083,1,178.35,USD
15088826386844289639,09bc6560-b73c-458c-a867-ae44ae4fba1f,8389298539224694648,7453981014070442937,2530049503643217327,3,759.21,USD
9631506371445732955,4eec785d-0c34-46a2-a422-e856f5ed5274,7676857010900823613,17480337276963064880,5325663171385354966,5,887.21,USD
18202518343230566935,0864ec3f-58fe-4646-a022-41432fff1eed,4018683174142623847,10858607304849224486,11107703943316465974,9,2400.71,USD
5635375050667007641,63e4eaec-015b-4a73-a3d6-cc49c5d8b302,1298074457214284685,1977686040855500764,13213818410862924300,10,2418.22,USD
14794325151816311103,7a7ab3b6-6fc9-427e-af05-c095adac6788,13505045864676677383,16040368914515232653,15765815275618492585,11,3522.74,USD
13623590454230469223,a86a23f0-f2ce-4986-a9b9-116db490ccf6,12280908575051917464,10858607304849224486,10204424542159329897,6,1031.52,USD
17294648245288839465,bac37177-4f19-4175-a8e3-9e9e3a0b59b8,1232516160825967651,17480337276963064880,5609570627943732085,3,67.17,USD
8547801673107202815,12904347-faa0-43bc-a723-178ee70d1be1,8182814147756535668,11893645406669463269,18002767710607787305,6,463.31,USD
18291010260836699316,ac65319a-c12d-4605-a0a4-aef7fe59f238,2311896346552974835,9739939302990480397,10204424542159329897,11,13.649,USD
6511509438572530425,91ed1dff-fd26-4aa1-aed5-5113c737fc75,11727997185412714792,16040368914515232653,2491516264474646882,11,2042.1,USD
12612280424924371550,e8396b23-3e30-4b5a-afd1-1cc94a205e3f,17127037959738925724,9739939302990480397,2798353997825351929,4,115.21,USD
17715232563286325176,76fcb85e-8dc6-4972-a90a-89a030354840,1217956254677761175,10743888491563821042,16770729730335775731,6,956.05,USD
12542101681678676220,0fc808f6-7def-418c-ae72-f93ca42b0c61,3575201989033984843,8824460340503495810,3692987228030076964,2,123.94,USD
18405891230725589847,1f39018c-1440-4066-a986-105bc1b40b71,929168713003876604,4311857372221876141,5795925895208748483,5,1492.3,USD
8486969130701997369,c5cf67f5-387b-4468-af30-84908c360a50,17127037959738925724,3468005635999818085,13106165014626572335,6,2054.64,USD
708132526658399575,ebf84ec0-941e-4e45-a206-74cc85040608,2424024701023994409,2974886376262008242,1913461533594314629,8,1411.38,USD
2091288667292932651,1e07bc0f-4e75-4ee0-a6bc-865783ea8657,2424024701023994409,14153773305520921147,6361479217511933351,9,2077.54,USD
5029111094703069628,9e751cce-ad30-4f7f-a6d1-a9a004d56603,1232516160825967651,17890215306842844262,6220319262800915746,6,1974.63,USD
10593860837309565126,5eaf29c1-b744-4b94-a367-b14a98be0662,8255403621531401548,7453981014070442937,16000425302346306884,3,759.0,USD
10593860837309565126,5eaf29c1-b744-4b94-a367-b14a98be0662,8255403621531401548,7453981014070442937,16000425302346306884,3,759.0,USD
15670146387930042260,9d72b3e0-e130-4523-a88a-65d57fa52b9c,4431326311564229755,5818697228068800218,14515474044333630770,3,1100.34,USD
15801068019887948304,4f939c4a-1fc0-4b7e-a700-9f8703378795,8818931395701863016,5332133731038200388,16964211504201800542,2,541.39,USD
12652720960644753152,7a08a84a-5553-4d97-ab96-255b804fd25a,12388046539553849149,10748775152141397283,4755759379631147127,2,563.02,USD
18202692278985928257,7fb920b6-0f7c-4c64-aa69-6ef643fef65a,4805686739889263458,9739939302990480397,12035157269278251606,3,124.95,USD
16793699542814446627,ac0077e8-51ad-4039-a926-c0ddee7853be,930165754230835834,14432713628461492166,12106940420400403840,9,2678.7,USD
8805410388480790836,ced54493-773a-400e-a794-f61c40c4a02e,12280908575051917464,17807705055515662610,6766278774880411174,8,1181.09,USD
16746559551046214136,49dad2ca-1acf-42ae-aa33-8464e4e824b0,2958105162749436827,17364044536833109315,14206232250540854616,5,665.96,USD
4983060736725460863,26dbc837-e97b-4dc2-a311-866def914e07,17586210565230153270,17890215306842844262,3590948564405940273,9,2966.26,USD
9473190257246211214,37dac086-3c30-4edd-a6e8-43302734cde2,1232516160825967651,17807705055515662610,15121881058722795357,5,1262.14,USD
6537676322654037007,5cce82f6-c26b-43bb-a8bb-f6bac0274905,17547832241537018402,15951633228824292133,6702162970143999314,2,4.5596,USD
14744067537413000745,fe281547-8629-4a8d-a131-1a45fdbac7c0,8255403621531401548,1977686040855500764,11944756168961082617,6,1366.92,USD
10642347887259768865,17925da2-db2d-46b0-a23e-5cd6492999bc,12192275857061571062,5013901929724572515,3737194207113801624,6,1173.24,USD
2599938055513340154,18e20d64-f90a-41bd-a228-e414638d9661,10088283487075516627,15630133352838686689,6011340100965228117,7,759.2,USD
7854768408791034475,a083cb2f-ebb3-4b82-a171-bb5fde6fa73b,350664482835657035,2974886376262008242,14697046810450868238,6,1039.7,USD
5697752974686283463,6b3db5b6-c42f-4ae6-a752-e764b30d13cc,920509120069215376,5332133731038200388,6758241060332719498,4,1335.77,USD
618572280567486745,b1cc800f-e2dd-46fc-a293-e8e1e4a37848,13993844725797528744,3468005635999818085,13711315865990717960,6,1567.48,USD
8285197351865524147,650945f3-ef20-4762-a40b-552e9f177b8d,7533457185702676899,16846359385555957683,10605187152433694477,7,1830.55,USD
4108928052305554531,32e84d85-a167-4d7d-aa08-32960f3da1e1,16004926081234092175,16869741523285102812,8771287747698773049,7,2092.73,USD
18254179165999384537,29c149eb-83fa-4c58-ada3-1c52573beccb,17361642132083322197,8824460340503495810,17193664151680428030,9,2184.52,USD
5105728308674565041,fc0ac714-4866-4765-acea-62aefd799319,125912999890540933,14153773305520921147,14974774297292102623,2,315.12,USD
6436407280775079474,129fc4a6-fcef-4f32-a7a4-a4500b29b1a9,11216341723394462186,1113069664584172632,356982874497387690,4,602.27,USD
1658778688577823308,c08f3490-5a8b-488e-a904-6a983ce76f3c,14464703931505424934,17807705055515662610,8854676505428873769,3,289.32,USD
8537453524806547385,a1cbb284-d670-4f50-a3c6-0fb31a0a0e14,12815140842567195685,14439389521597342401,14807582490636276831,1,148.92,USD
13610201680284180012,90ce7db1-f6d6-409c-a0ed-e0de65e092be,13508752807353566057,7453981014070442937,15422216628746836490,3,759.21,USD
15227999041132004815,ececd190-edf0-46a1-af93-46ed03c759d8,13993844725797528744,5307440574588919111,18419237961212810175,9,2147.0,USD
17843970443106932265,f0eceedb-ae8f-4017-a05a-84c1cd17f01e,11392095017914228444,1113069664584172632,12820470838064258734,5,858.49,USD
17254980041360375625,6294e803-b98f-4249-a658-6bd90a847ba5,9361382163263130148,1116271689836446405,10779368190528225351,9,3175.6,USD
15317522278825334473,e485e2d5-02f0-42fd-a7cb-10ba72a96c6b,4431326311564229755,16830658530734773345,18398553499503818678,9,1847.12,USD
7927062819189169875,ce41dad0-5ac7-472c-aeb1-25daa10f9294,8486282170326152769,5332133731038200388,6543842921070612069,9,2003.62,USD
4421714122749417801,d6f7f59d-3c03-4aec-a7f8-df788dacd315,8182814147756535668,12090486161298385301,13463141434226196962,3,3.2067,USD
2079379023067991220,7402aca6-7b91-4c17-a53d-d3647983f5f4,11422995361579743588,5617659106526252157,1312489012578763024,2,131.56,USD
8221387611925730345,472ebbe5-54dd-48d6-ae9e-8b002f699760,14277575845010753615,14104062014961917116,4973914502920665720,1,21.39,USD
1477880276693286246,c911c574-582e-4aa8-a985-83ff3b2ceaaa,11234760072328363372,455430946588686784,7923873056594209235,2,712.84,USD
9972949138889413542,960339fe-9993-47ad-ad58-5b68dea46a65,10151500343931203507,3468005635999818085,8625724396515094064,6,1789.46,USD
12327232243392586439,fea06a2a-584f-4641-a2f9-269324c3154d,11727997185412714792,7453981014070442937,6441533156349928711,11,2045.76,USD
1268564037382853495,5c635846-6751-4df1-afa4-bccb5d92acf4,16320186227754387663,5615229796006274076,2260315770340726375,11,1918.92,USD
9690441514650253503,0672be60-08fd-452a-a655-61f8d8aab6f2,2720613993126138763,16040368914515232653,4755759379631147127,6,1397.47,USD
15297783692239983238,e912b098-275e-438e-a181-6740f6ac2b41,12388046539553849149,14153773305520921147,16531652701090146369,3,472.68,USD
3308317407926352865,8c71ea55-3bac-4c68-ac86-1d5b8d198917,8255403621531401548,10748775152141397283,16688915858914853271,3,844.53,USD
2093095987223852195,3468778c-6541-4d18-aa16-ee1f28f46062,17127037959738925724,16518843415869234881,4942278858142031319,10,1087.07,USD
2162019096668757588,37d08900-6444-454f-a7f4-6abefa905d2c,3487886234709579803,1977686040855500764,1383730279075399153,7,1688.68,USD
15807720035402512092,ba3dd2d9-0d75-4fd5-aa5a-40a9228e7471,8486282170326152769,9547060395277548482,430204811694527495,5,1194.73,USD
7937117994569762255,9e291ab2-0781-4567-a525-24afef6dfa78,8567597225279587150,7520130956591185983,16799213345514855589,9,899.03,USD
1118434555698400781,9a6cd960-6f4b-4f13-a6ab-254d3e7cb511,11392095017914228444,5615229796006274076,198377836245278450,4,857.44,USD
6470106503381837252,e6a931d7-0a0b-40f8-ace3-d5123dfb67fc,7676857010900823613,16518843415869234881,10652131057955938003,9,942.78,USD
2347229653121927716,ab52b7e7-881b-43f3-a40f-8d4cb70bb80c,12077478266270420064,14439389521597342401,679054141156619430,8,2146.17,USD
4663383480697375671,ba514995-ae4f-454e-a716-d9c6d8b1f44f,11345042312777282375,14432713628461492166,813460322239943224,8,1912.06,USD
10746377942249431901,32526ca1-3bd5-42fd-a045-4434269f2bbb,8486282170326152769,17890215306842844262,5526366467896690985,6,2019.98,USD
16777538072391173990,c056f0d7-0210-46ab-a875-f9fc3a0fd924,17186562430826801141,16869741523285102812,1277936884745369479,10,1860.06,USD
14527977759860451469,5946e5c2-3a53-4554-a88d-2bcbfe6ec8d8,2496797906621150963,16869741523285102812,15868523556274708024,11,16.04,USD
14527977759860451469,5946e5c2-3a53-4554-a88d-2bcbfe6ec8d8,2496797906621150963,16869741523285102812,15868523556274708024,11,16.04,USD
5357989506314689533,45d1e25f-f009-407b-a0d3-c426fec984be,11727997185412714792,13126347534268200406,5340210560238430956,5,337.99,USD
16813840425342351155,69a3da52-7cea-4bab-a1f7-1445e9813205,3487886234709579803,7520130956591185983,17910665621586509822,5,605.73,USD
13639345084511985131,7f9f3b1e-8017-4db2-aac8-5f38bbcca000,13669253715026400973,11893645406669463269,3382214612712243124,2,52.06,USD
7503853341508718828,6a04f6d4-5338-4f46-a115-a2c505a3c2cb,9090689796382883940,10743888491563821042,11613098086275822440,11,2533.1,USD
17172956204535343731,41ae7fa5-92db-4f93-a515-74dae0e7f079,2496797906621150963,17807705055515662610,7938176308350341715,4,542.39,USD
53613292716874306,dfb80d7e-7800-42db-af82-5090b7572592,350664482835657035,14404221528583086594,7836112083821966758,10,1522.87,USD
14768982059228315895,32715254-7104-49a5-ac8b-03dd81f54be0,6921773394212205792,10743888491563821042,5934349649243195182,5,431.51,USD
10681641386362102518,ce7a6bb9-fffa-4c71-a833-2ec7d8c59c47,10856213663032871399,8824460340503495810,12697552288644670915,1,61.97,USD
2391957891075686055,bba9134b-ecf1-447f-a3a9-d87aa775a656,17586210565230153270,14404221528583086594,5871594102083525279,10,1254.19,USD
16398328354395046334,a496d22d-fd69-4349-a659-1525156b0d6e,13993844725797528744,4311857372221876141,16959656539641611177,4,1090.65,USD
7607096488947658153,01a1f445-1daa-4110-a3cf-5973473752ff,2977405823986779671,3923348624763699602,17757015766412927226,7,979.95,USD
11177179629562831180,d1179bbd-7408-41c9-ad9e-008215ccca2f,6817037525539615223,10743888491563821042,17442578421670370345,9,1699.96,USD
11077256931715755994,6f2e91cf-fe35-4334-a60e-3ecbde4f7f13,15409000985348395489,16830658530734773345,3851366345634061625,6,2403.39,USD
5645711716618280021,bfdd4b6d-7da2-44b1-aa90-73d2d05a54b6,1052862358366864958,5332133731038200388,11944756168961082617,3,898.17,USD
16580944595645539028,c6c0617c-cf9e-462d-a7bf-c6ad150a604b,16394414789736012881,1116271689836446405,1931260208991036277,6,1881.02,USD
1815640406755289528,af5bfa5d-d9da-402b-acc7-3088f6806689,12388046539553849149,5330870594164918989,2304590388915625592,9,1956.74,USD
1887628221632857315,d1b71d46-bfe9-4d5d-aa1d-93f1d5b4ba8e,11513575832381367402,5615229796006274076,16285591475458456731,10,2461.75,USD
17071656465965681925,466549cf-2bd5-4c6b-ad89-855af25cdcd2,443523813074526730,1113069664584172632,10650948983324438192,9,1061.09,USD
8466360762412193624,08613428-92b9-4d6a-af4c-e659c812dd5b,9879735446713885286,1116271689836446405,4881661803934530665,4,1319.26,USD
5117600971444062751,e068af23-7e3b-4ef3-aa1f-36ea14f814b5,13669253715026400973,16869741523285102812,14154700001815973016,2,2.1926,USD
3763120514970668978,ed82c6ba-c5df-4c67-ac17-989bb7369eaa,16320186227754387663,7453981014070442937,3851366345634061625,4,832.99,USD
10358001211923311355,0776c7d5-f88f-4ff9-ae72-efcc94c7c195,17361642132083322197,9369521316535937460,9798147907349952218,11,2431.6,USD
6047758809449114835,b9c5ebdd-1447-48b1-a45a-54f998995ff8,8818931395701863016,8824460340503495810,15169860860895495158,4,373.22,USD
16234621397121859338,a07bc625-285f-4b20-ac1d-919b68c72dcd,13663195798255829742,14571309164620107359,1250718932372186839,3,583.95,USD
5355095701383456077,4b9774e0-0d53-4fbd-afb8-24074c60452f,4018683174142623847,9471188876978777325,13352862942148882479,3,1008.0,USD
16136170724914017499,967ee4ed-e125-4777-a644-23156b26fd01,1232516160825967651,12090486161298385301,4765738864220574374,4,1207.23,USD
15096630851653390646,11f2744a-8aa5-42fe-aa17-4f38b887096c,3648768365220377127,14404221528583086594,13306132870704162003,4,587.68,USD
7949456933291499235,758372f1-ec07-4bfa-a3d2-7021f6654c2e,2496797906621150963,12090486161298385301,13747831827786119227,8,1624.07,USD
6840783965862698422,ae8b74da-266d-4982-ac45-cfeef08ef035,6817037525539615223,10743888491563821042,17526214359805883586,3,334.77,USD
12903534826820190743,46937889-eb2b-4a84-ac82-44dc5bbeb3cf,2977405823986779671,7512030120466455442,14837199621139797220,3,433.02,USD
2701703843623528272,d00d2d40-b034-4837-a6da-8c1a22cf6231,5047314669854929575,14571309164620107359,16560144414429826747,5,534.41,USD
15914922695209542941,52ce6e09-f9de-4d6e-a6c8-277e816092ca,3648768365220377127,4311857372221876141,1761996290634332990,7,1576.16,USD
7096565274862054816,18e0f447-b0d7-405a-ac64-a07f9ddad97c,10151500343931203507,3468005635999818085,11560338758135656717,8,1880.63,USD
8574598922061569856,9284b987-220f-4c5f-a9c4-6ae8de2076ff,17586210565230153270,2974886376262008242,2430925820071507610,11,1870.78,USD
5611316793729262867,e3ddb33d-85dc-42e4-a1a1-996ce7e25eec,443523813074526730,2974886376262008242,3201858456050081913,5,851.6,USD
7070372406539353840,09895761-870c-47e5-af60-9f91ab2f12a7,929168713003876604,12090486161298385301,7331023018216348379,1,106.89,USD
6097404490121836354,31173d00-b271-476a-a39e-47764888dfbd,17186562430826801141,5617659106526252157,15988991957840293805,11,2339.44,USD
2979428918429204149,17e89803-99f3-436a-ad0e-e32645c91f66,13437799879320047982,6761961852717272116,11986776902041746591,3,816.69,USD
14946556365355552893,6bb766da-1fad-44fd-a016-748caaeb000f,16320186227754387663,13126347534268200406,12457554076448341452,3,145.11,USD
3628436206339422215,9de482b8-017c-4d7e-a2dd-d5e7d1e6ca39,4424505712407503272,5013901929724572515,15967567279298140060,4,12.6857,USD
1168407418253278502,58d0b560-011a-4b1a-a771-a50e2f827492,13993844725797528744,9547060395277548482,4299148472001787005,8,1041.63,USD
1934536662425579079,5d6ea18d-6733-4372-acd8-bba36b0725f1,12683437240464048505,14571309164620107359,16530674786350872037,1,194.65,USD
14319694642099187820,eb96233b-4474-4203-a450-f099224718c2,12388046539553849149,1977686040855500764,14930875497191426834,8,2274.36,USD
16817428826810567853,adfd5648-01e0-4bee-ad4e-72446cbbd5ad,12119061926853683230,13970797764217007242,1639529521863165131,8,2122.51,USD
7201734833648298910,54e4a6e1-5194-47dd-a5d9-22e79da3b55f,2496797906621150963,17480337276963064880,15802878652107356378,7,1339.6,USD
10189432187107638290,f8f60639-fa62-4e99-a91f-5eae200f19c7,12119061926853683230,14153773305520921147,7836112083821966758,6,1795.88,USD
9273406687790706970,2afe5b76-17ed-4d8c-a951-86bf89f0d950,17531817652409203160,5818697228068800218,5900426755771783233,6,1205.43,USD
16739457648148331629,e5e82edd-30ab-4264-ac2a-d85a1419e4d9,4953213841898352430,1116271689836446405,4028301067897670084,5,1527.09,USD
18148323683272715882,2b8ba663-dc05-4cec-a22f-9e1f69c80fdb,13437799879320047982,5013901929724572515,7792406520049299242,11,2217.22,USD
17505658488845241126,7bad89d7-b2ba-4a1c-a42a-61eeb2eb7591,1298074457214284685,13970797764217007242,14244734896081638967,2,559.0,USD
17505658488845241126,7bad89d7-b2ba-4a1c-a42a-61eeb2eb7591,1298074457214284685,13970797764217007242,14244734896081638967,2,559.0,USD
10158070286833925194,5480a105-8990-4800-a23b-49244dddb34d,1052862358366864958,9369521316535937460,17100822886678717520,8,962.45,USD
10838137303403766144,0839cd48-f8dd-4506-ab40-d91a1db056ca,8567597225279587150,14439389521597342401,13582443637632345839,8,2339.22,USD
17768484547745433608,6f2bccca-8ce7-4490-a2dc-98d3ae82decd,3648768365220377127,1116271689836446405,10511271254074315565,7,1977.59,USD
3642538920682316235,00a8c2ec-852d-43b1-a488-8561155a14aa,12388046539553849149,6761961852717272116,237238087966411111,7,1981.96,USD
5244437848968823722,1dad3ef5-3ffb-454a-a70a-959b59db80ff,9599383828596770070,5307440574588919111,6721275131093025989,4,413.01,USD
11126705844825153609,b2ace212-cfea-4747-ae1c-44fe6021d30f,6332797097132073105,2974886376262008242,17016765799003686024,5,1475.72,USD
824463902482018753,ca0ebf56-9a5f-4bbc-a601-63bac3063eb4,13508752807353566057,5330870594164918989,149773740596809515,11,3222.67,USD
16084257548771898592,24dea2b3-18e0-477c-ad48-0d08929d927b,10088283487075516627,14571309164620107359,7276887013297225597,7,1980.93,USD
4009649796808931244,edb0eb06-2bbe-4f79-ac42-c8cba3c56113,8595751530228078735,10743888491563821042,13246562624179286527,6,1119.59,USD
4393408442570835016,513a6173-41cb-48cd-af91-952f77fb00ea,7431453344301529674,15951633228824292133,2111744987706871383,6,10.6666,USD
1470340249541976182,ada26186-6680-486e-aefe-54f1c42a7ec6,11234760072328363372,5332133731038200388,9677466150109231295,6,1785.37,USD
9634837893790647637,fb19dfb2-6955-43e7-a4dd-c26b6a9b1142,11727997185412714792,5617659106526252157,518322242211363608,2,131.56,USD
3243211290831607574,c8adf5a4-77b1-4e7b-ae31-5912dcefbc8f,9879735446713885286,1113069664584172632,275416103617630543,7,1259.32,USD
3019711841590256193,8aec5454-7f7f-4dc7-a063-0ca26b45c688,12815140842567195685,7453981014070442937,5522995270507278643,6,974.77,USD
1918826261032713833,dbe7d8c3-e770-4c6e-a1a0-00e55ebba01f,16320186227754387663,14571309164620107359,567330620435790302,4,526.06,USD
2257318535309196178,4fe68acc-4a2d-4d95-a9a5-a1b935bb85ac,8567597225279587150,14571309164620107359,9072632654952424063,5,1127.68,USD
6275634266883335808,2d4b7019-8a2e-4baf-a2c4-0b1c89c96ba9,17361642132083322197,5818697228068800218,9870341007856287895,1,366.78,USD
5884913318529838535,abcc0152-905e-4d42-a032-20cc5e4207eb,14289424412277949767,15951633228824292133,17911513307327799858,1,227.98,USD
8867715816418365720,f8ffb575-620c-4e76-a5e7-82a5c808932d,1232516160825967651,6761961852717272116,18282600266818010930,5,969.42,USD
17037689773870217776,b8b0dee9-2ecc-494f-a660-af7727068e21,10151500343931203507,1977686040855500764,14037787378974083839,8,2275.79,USD
1213709812371344953,ef90e8be-7799-4e57-a86e-3fb0dc9403bd,7676857010900823613,2974886376262008242,18129217399768754365,10,935.35,USD
3440078080672962385,15a4240a-2da5-4770-ad7a-f8a8486b7d98,4953213841898352430,16830658530734773345,14136892164495717260,3,1273.29,USD
16552018848675940264,cf42b5e1-b9fa-4e62-a6d4-38de8d228c5e,17186562430826801141,16040368914515232653,16869469997307769460,4,671.07,USD
17546127191890740059,69b78d7c-081f-42e8-a732-2380663f3964,6921773394212205792,5332133731038200388,4784077902727830813,9,3020.71,USD
16463194617476304528,f0d2a94a-77d1-4a28-a4a1-c0c6dfbce0ce,3648768365220377127,3923348624763699602,1883827626362620675,7,911.0,USD
1669141956117429536,cd793425-b08c-4de0-adc1-7c95a337794c,16394414789736012881,10743888491563821042,8611159978281296126,5,1129.6,USD
626063523100696294,7871315a-9bd4-4430-ab35-ffb2f7ca4c9b,9090689796382883940,7512030120466455442,9637937280400191063,3,433.02,USD
5654956067302231818,c9a50b7e-4c12-466c-acfb-e0333648fab1,6921773394212205792,13970797764217007242,1923690483646619484,6,1374.84,USD
2509158755052144081,9638bd76-da14-4238-aeb3-204957871264,8255403621531401548,455430946588686784,11600016161252844265,8,2122.78,USD
2100827754373167362,9dac1d80-c5a4-4fda-aeb1-8037f6866cfa,2424024701023994409,5307440574588919111,2134097612325417461,1,2.679,USD
8376133829548087639,3aa257ac-d4ce-4b84-a996-e572922070e7,3487886234709579803,16869741523285102812,17633626607333612987,7,1319.59,USD
17490068719573586434,55fbf594-c07c-46d4-a361-0bcd57501fed,13669253715026400973,9471188876978777325,7822000552317985721,3,1137.3,USD
18086253455993031468,1400a389-d32b-4700-a975-5f0e893ea8b2,1406401059029599408,5307440574588919111,6981118323188455770,2,535.8,USD
1753180680545814938,f83ba03e-c206-4101-a061-d712582b05ee,16394414789736012881,6761961852717272116,11810449221443981473,8,1777.83,USD
15349469258467012406,717a8641-f1c0-4fe1-a679-858df1e66ea7,2905706615813966013,18392544249783544741,5114991630237533223,3,787.99,USD
8621066920418029118,e85b52fc-2bd8-4190-abff-d56862c57269,17531817652409203160,16869741523285102812,16959656539641611177,2,219.26,USD
14642195871952629137,b065599e-c80d-4a70-a571-d39391ebad47,1298074457214284685,13126347534268200406,11712596136367222067,9,1868.74,USD
16855714522402489215,34a23488-81e9-4894-aa82-25b1fba32ea1,125912999890540933,16040368914515232653,4945387521990766480,8,1917.56,USD
8184696811545809216,e8c17da3-cfd3-48f8-aedd-65b94047a0a3,11120656035847514516,17480337276963064880,5988309394941915356,8,1103.78,USD
2909795567425384264,93e07762-6892-4ff8-a553-0ab45af3009e,13663195798255829742,13126347534268200406,4604333091843564556,6,479.88,USD
11477240651639539606,bae7cc62-4b62-4e4d-a7b8-12606314063d,10151500343931203507,7453981014070442937,2423028372458125409,3,759.21,USD
10487923729964753846,b6f81861-9619-4885-abe0-3bc089b0505d,8595751530228078735,9739939302990480397,5117574811415032664,6,230.04,USD
16420089120444278167,d34728b9-50ee-48c0-ae7c-7a9fa8b427d8,6921773394212205792,5617659106526252157,15820615089222840984,3,197.34,USD
4888370071591935851,61eed8c8-5139-4468-a5e1-dd525a603800,6817037525539615223,10748775152141397283,1344763142605666788,10,2256.71,USD
2297207998255921856,bc50e3b8-affe-40c5-a5e6-281adb74fcfd,13505045864676677383,5013901929724572515,187848161086804000,8,2340.39,USD
7496958975458865273,b26cbaaf-b89f-4af1-a377-44c2ef44204b,11121683982186872964,17364044536833109315,14097119922374535773,8,1624.66,USD
9440686437811865409,80867a6e-1e93-4e93-afbe-1a427d53d8ce,6147116652493189250,8824460340503495810,18004469741059331053,7,520.98,USD
13319897616076191835,b5e50c60-e9ec-45c2-aa7e-f54a2ecc8515,11121683982186872964,5615229796006274076,10090715050437097334,4,1154.62,USD
7104371965687493038,f0b5acd0-94bb-4af6-ac64-ff0ffd9ebc71,17547832241537018402,1977686040855500764,16137626865330334080,1,483.23,USD
1231529565909797840,c8d08438-7dfd-401d-ae6e-b4e8b072a7b9,12077478266270420064,13970797764217007242,11418313343104744111,5,10.88,USD
1231529565909797840,c8d08438-7dfd-401d-ae6e-b4e8b072a7b9,12077478266270420064,13970797764217007242,11418313343104744111,5,10.88,USD
7608419745297735461,4ede8449-f78f-4e8f-a757-b7d1d67d0a9e,2720613993126138763,8824460340503495810,10685181371175795456,4,455.0,USD
7849148288232405702,cdfa8222-e6c4-4836-a2eb-0ee07873d527,443523813074526730,4311857372221876141,8263346312478537593,3,1212.6,USD
809226676613397455,f2746d6b-d99f-4929-aa8e-617efe6e1ec6,6817037525539615223,18392544249783544741,13454967220570845108,11,1963.08,USD
3395988481000269352,56417edf-43f0-4eda-aa8a-915ed8212f71,2424024701023994409,7512030120466455442,14306846823402501484,7,2118.12,USD
11277945102708127088,7347c5ec-14f7-43b2-aff8-da2322c45fb1,929168713003876604,9547060395277548482,17227067975093024422,9,1693.08,USD
6418206497298603703,d8c1804e-af57-4e43-afb5-2dd192ec78a2,12077478266270420064,10748775152141397283,10147301395975805808,1,281.51,USD
13924267643425870599,d85171db-6223-4375-add8-3068ae397ccd,11392095017914228444,1116271689836446405,5860622084983511156,9,2005.35,USD
7131639760501959197,876d51e3-91d1-467b-a57b-37e8af66bb21,2448631077044835882,9547060395277548482,1874264687001023302,4,212.45,USD
5102119104969384554,f8892daa-fabe-4519-a5c4-5817309796cb,3487886234709579803,14153773305520921147,13890086220872465612,8,1835.59,USD
5309103525198302019,a7bda4b0-695d-4e1a-aeca-5d31e93a7432,920509120069215376,17807705055515662610,1518133089137983632,6,1506.49,USD
4766323263024386534,0f4155de-bed9-4bb5-a159-afe44b720431,12192275857061571062,1116271689836446405,3233483991945609171,8,2837.61,USD
13536331889826203356,bae8fd00-d3b7-4182-a359-0518af91074e,14289424412277949767,8824460340503495810,8349268073798333852,10,1227.77,USD
15230437577855643325,ba137506-dc54-40ed-a69f-f5481a21869c,12119061926853683230,10748775152141397283,15482086433407453347,13,4925.16,USD
3054113995042437030,17367396-f259-4c5c-aeac-92f7eb24faac,2958105162749436827,5332133731038200388,9818449324210408297,5,452.85,USD
8837187294586744226,71b4ca1a-eb8d-408d-ae4e-78053ea173ee,11345042312777282375,14104062014961917116,5723717389798745408,5,195.73,USD
6156637779719488535,ad660df6-3316-4d58-a340-c8b4c3fcd858,9361382163263130148,9547060395277548482,18223712971639265581,3,444.84,USD
5684516792462620171,93820e7b-d163-4a83-a968-85f507ae3400,13663195798255829742,14439389521597342401,5510794660626647823,8,654.33,USD
12341846046589795948,6fe67072-83f7-47fb-a6ed-40f1a0089a79,16320186227754387663,9369521316535937460,1737816028542058941,8,2402.79,USD
2395578040840658091,c2a0d199-4d29-4f0c-a04e-cc50252a1a65,1217956254677761175,5330870594164918989,1302640608156407656,12,2847.91,USD
11472764225804477076,2fb4b266-8122-4516-a1ca-bb60d087a19c,15409000985348395489,17807705055515662610,5404336200778186691,5,7.4358,USD
7392237601564649942,9f04e17a-3423-4c42-a0f4-bea656997ff4,9361382163263130148,18392544249783544741,6660511371527348084,3,906.42,USD
18166557585074906803,08b1b9dd-a7c8-403f-ac95-bb530aebe270,15409000985348395489,17364044536833109315,9652818793877876586,1,68.38,USD
9126473505574466886,2350d152-f616-4b99-a168-9abe79d6357d,6921773394212205792,7512030120466455442,15920981966824434131,11,2101.17,USD
3011558773981850763,32e4a6e9-fc97-48af-aa1b-681a148b6f8f,9879735446713885286,2974886376262008242,2616094370532416868,11,1483.54,USD
5069982114634542257,8479c59d-74a9-4802-a079-94ca20e514cc,1298074457214284685,5615229796006274076,16481039502607986603,2,49.0,USD
10016620097140220678,96d55789-dfe3-40b2-a45e-2adfe84cc224,12683437240464048505,1116271689836446405,6335270109887808721,8,2473.26,USD
14484485271878021975,4c654640-15f8-4543-affc-5905d9e066ef,17547832241537018402,14571309164620107359,10109699715904228648,8,1823.52,USD
6442425774006349839,2c0ea036-f618-4ed0-a9ee-3ead0eb89147,16251487634525660432,1977686040855500764,2798353997825351929,2,966.46,USD
2475077171120839407,0081c76e-5528-4378-a03d-2f39855e2b4c,12119061926853683230,16846359385555957683,9149208376121338353,2,280.14,USD
6918864146837866105,30c1e797-901d-4e31-a5da-face81bb80b6,821336753200851348,14432713628461492166,430204811694527495,10,2565.05,USD
3546967902618367690,2c8b28ac-3cb5-4b8f-a4c7-967af80dfc0a,11422995361579743588,13126347534268200406,2423028372458125409,3,145.11,USD
10543094972499465899,10cc40b4-292f-4daf-a465-0e09c5c1aa90,4953213841898352430,5615229796006274076,6390341022028721748,9,1793.15,USD
10798049405928403288,6a76200a-9bf1-4790-a7e5-d5a032723b9d,11216341723394462186,5617659106526252157,10515104283592679060,10,1747.23,USD
17756971877038223808,4917361f-cc62-43c2-ab55-42c9d5cc6edf,350664482835657035,9471188876978777325,4149117755019437773,5,1558.91,USD
7133783204458324313,b02abe3a-468a-4576-a089-fe4fcaa5325c,443523813074526730,15630133352838686689,5276593314001906102,9,2474.36,USD
5584662035742250775,86126133-9931-483a-af74-b7075d37df26,16649744502536725651,17480337276963064880,3470021458713930907,3,67.17,USD
11804351836847859916,42c9c003-09f7-4405-ae06-db713d23eea2,16649744502536725651,7520130956591185983,9409266611369707307,10,1601.33,USD
11373449329561577451,84016502-03ea-4f72-a84f-1df0e59f93c6,8389298539224694648,11893645406669463269,9428398780902863522,6,412.86,USD
10180113115637562787,a59dc017-8413-45f2-aa5e-2fec355d1ed9,17361642132083322197,9739939302990480397,2765191766953389281,9,2443.28,USD
17365785620380528959,b0aa9487-d543-426a-a1f0-750c58f5f08b,17547832241537018402,14432713628461492166,9338709983769039389,12,32.7214,USD
3681100577284877379,fad68d4e-d302-4e69-ad54-cf577cbe66ba,3256480249814329146,5307440574588919111,2229714627499595791,6,1472.06,USD
294252763807337006,de392b6a-f32d-484d-a603-9404b9b7a33b,13508752807353566057,8824460340503495810,2400680033967152690,7,1393.5,USD
11013705862376504014,b9ea3983-26db-4e7d-adaa-7e34282e84b3,11513575832381367402,18392544249783544741,12326668918161661469,2,583.65,USD
7414536811643213287,749c8ec6-24a1-493c-afb7-346a4b47dbac,13505045864676677383,5307440574588919111,12993444879744930589,10,3630.02,USD
9957755354075651728,f05d0ce3-2792-4eeb-af46-78ba61651177,2958105162749436827,14439389521597342401,14697046810450868238,7,1057.67,USD
13764184383072228286,338b48ad-464b-43ba-a03c-458d83907a9a,7431453344301529674,6761961852717272116,17900371645720715156,11,2556.33,USD
6315346538486296778,8ad0aceb-1692-4f57-a3d6-b2564ef401fc,12388046539553849149,14104062014961917116,12946318771406553487,9,1411.23,USD
7104654059528971918,d438f54a-8b85-4060-ab8c-c556eb2c6422,2311896346552974835,10748775152141397283,3871789184584157291,3,844.53,USD
8073819002179535537,b4443995-c5ca-4c8a-a188-0cd8b341d8d8,1052862358366864958,7520130956591185983,2613826779666927710,7,780.43,USD
6480892164013550650,6dd4475e-4c6c-4e7c-a382-a6ce95303240,7676857010900823613,7453981014070442937,4695100747439444956,2,506.0,USD
6480892164013550650,6dd4475e-4c6c-4e7c-a382-a6ce95303240,7676857010900823613,7453981014070442937,4695100747439444956,2,506.0,USD
7809463460473838247,9517ab75-8d4d-4d8e-a236-50fd3e82e3e7,11120656035847514516,14153773305520921147,15337795174177513127,1,157.56,USD
18222840765101387427,bcbda426-1dc0-40e9-a2b7-51f3b133276d,9361382163263130148,1113069664584172632,11944721615571853395,9,1587.2,USD
10669917037936873010,2009bdae-e3cd-4c9d-ad91-0dce5db17109,10856213663032871399,5013901929724572515,18272874320662758319,7,1908.95,USD
15537097488231340358,5a7a6565-fcb3-4c4b-a934-e88ae46409ed,930165754230835834,1977686040855500764,2029587223747069725,7,2518.66,USD
16088493785428458068,f83ee1db-45c2-4703-a952-a357399cd708,4431326311564229755,5615229796006274076,10995693210622117745,8,720.59,USD
10459705000487626712,814e6eb6-b0d2-4c7b-a667-188f61ae4199,8389298539224694648,14404221528583086594,13706184618291248009,9,1177.52,USD
133361982874507307,59a6df7d-576d-45af-aac4-261e2be32b5f,11513575832381367402,14571309164620107359,15621883686102570467,3,583.95,USD
12601440454579622351,e7950f86-eac5-4324-acbc-efe980e9c1ba,10088283487075516627,7520130956591185983,9203612078000859292,3,105.09,USD
17920825384111417529,b68b50c1-845d-445b-a16c-ae8d9182c934,8389298539224694648,1116271689836446405,4976979951700796796,11,2216.14,USD
2802548718738317407,3da8cab0-39c9-4b82-a740-ab1b571fcf73,6332797097132073105,5013901929724572515,10446343101308849550,1,2.2559,USD
4103510624868732597,444a5d91-40f3-4bca-a6a6-655e535da89d,4018683174142623847,17807705055515662610,11481370233919181083,9,1610.51,USD
15820083247911031180,a0ac3363-09ea-4742-a40f-6707ffd34930,17639160232696939391,18392544249783544741,661628164107240192,6,1848.27,USD
11759624858876598220,5d2882ca-d9e4-452b-a437-4972ad7444d4,9090689796382883940,2974886376262008242,11869111584186093477,1,237.83,USD
4518216256885440244,4ca7887c-5dfd-4230-a2ca-67ba6c045bdf,17531817652409203160,7520130956591185983,12371934147396187043,4,330.68,USD
17570235816170607069,94ca002e-58a0-442e-a5fc-fdfca27a1539,7533457185702676899,1384425095853848014,15803798398508547599,3,1345.44,USD
6741284823456143081,0ab2b5f9-6fba-44c4-a8bd-0610d397b56b,14277575845010753615,17807705055515662610,4774324074354104280,5,600.98,USD
10867671204656201898,035d0b78-15ff-4009-a738-cbea6f709f38,2958105162749436827,16040368914515232653,12326668918161661469,1,230.41,USD
4995872437823565345,333f774e-4661-41b5-a45a-6d0cf183bf20,16004926081234092175,14571309164620107359,4149117755019437773,3,583.95,USD
10397623252919102622,7cf3c835-29eb-4c74-a664-18eedc4ee8bd,11422995361579743588,455430946588686784,11844555461782127974,8,1769.5,USD
2998917922706759315,55d8f166-3443-4bdb-a4f5-b2f91f44b405,9090689796382883940,17890215306842844262,1232315748517910841,5,950.74,USD
16244962321838160576,bb3b04c7-d089-4668-a180-79c904eff2cb,929168713003876604,18392544249783544741,12347874611498412486,8,1464.25,USD
212153380163793723,b629a55a-368e-40c2-a667-c3144dce5a39,12119061926853683230,3468005635999818085,10309517332056382717,1,416.98,USD
856732267465749606,d2ae7efd-0cb2-4013-ab60-6e62e1191965,2674445339303887628,14404221528583086594,9077214316212691258,2,262.02,USD
10044133018600036985,b98cc642-38ff-4554-a8ee-c32363bbff82,1406401059029599408,1977686040855500764,1846142567864014696,3,1247.97,USD
17148889578066699457,5d7802c9-5397-4b92-a748-434326b320aa,3256480249814329146,10858607304849224486,8761319543108328585,11,2644.0,USD
5555578669903679510,828929a0-391f-4a38-a470-f22b3ebc1c14,12147455779224855677,10743888491563821042,16003904102263642909,11,2229.55,USD
11278361788061931331,36f4d4f5-a216-4ba7-a4f4-6ce24bec9720,16649744502536725651,11893645406669463269,18192685815117517956,8,1986.16,USD
446600262674476144,11dfb2ca-f974-4e5b-a346-9de1bc8121cc,4953213841898352430,5013901929724572515,11788170455272772320,6,1868.82,USD
4234313289379419683,4d9b07d3-fbf5-4aba-ac3f-9903a6270aa6,12192275857061571062,5617659106526252157,3443867559219219217,9,1235.18,USD
390185347199823229,4486ff76-5fc9-4fd5-a365-f1f027e7b20d,12147455779224855677,14153773305520921147,11983398188409139137,4,10.6398,USD
9054019518517220218,069d1b94-408a-4653-a289-c0e8b5ae8795,11120656035847514516,5617659106526252157,10164948275779381517,1,65.78,USD
9555384582400302482,643cb592-98aa-459f-adb9-5fa900f76610,920509120069215376,14153773305520921147,16775735369267453982,9,1584.24,USD
4072373697142520695,c066d470-46a2-4f06-a40b-4b095e496449,2674445339303887628,5617659106526252157,9534905529771773282,4,552.39,USD
11302864330435403875,c306f6a9-3e95-4493-a051-289577cc511d,6147116652493189250,9547060395277548482,14854336182775855551,2,592.48,USD
9338444548636952123,09e8e114-6b4e-4692-a381-7e913368ca37,7533457185702676899,1977686040855500764,17003617074633162828,3,743.1,USD
9944325805807200694,3d45b616-7f69-4642-ab2f-917de2f11daa,3487886234709579803,16846359385555957683,12164911013641637693,12,3364.5,USD
7686919600504968386,3071ce6e-360d-4edf-a3d5-663971ff8b41,12192275857061571062,9547060395277548482,5503802027474990740,10,1933.08,USD
17113955613607983756,af20ecbb-97d0-478b-a13f-771329267088,350664482835657035,5332133731038200388,15148786031655118462,9,2712.3,USD
7308014636288844782,641f2f97-0538-43e1-a78a-ff047f59fc3c,10088283487075516627,2974886376262008242,13468544031467243927,8,1428.68,USD
898524996447037917,9f499454-95b0-4bb5-a0c9-7bbbfbb9e1ac,929168713003876604,1113069664584172632,5593329731890437231,4,978.9,USD
12549801250396008207,16544f3e-40f8-4396-a636-339c34271148,13696708613812068030,3468005635999818085,15337549258335212806,5,831.25,USD
10859643746545137517,0fce07b2-2f43-4d37-a1cb-3d83f17300d0,4431326311564229755,17364044536833109315,15820615089222840984,9,1458.59,USD
12466806214005190196,b80a4d8b-2793-433e-a25a-e0de2422bb6a,8389298539224694648,4311857372221876141,12514320290686756477,3,1212.6,USD
437434114831118185,f8453525-2e14-41ea-ac32-6951a449a58a,10151500343931203507,455430946588686784,17041141548492178777,3,1069.26,USD
9412889847593936436,9185bc60-918d-47c0-a9fa-b1002c6cf6ad,17639160232696939391,7520130956591185983,6938547499704333093,7,1491.34,USD
14649549397529684868,26168b21-a819-443c-ae5f-fe249bd90a0c,13696708613812068030,16846359385555957683,2940909280358915850,1,254.11,USD
4119309006656334126,1351d72a-83fc-4d07-a814-0d3d344ffb7d,4953213841898352430,14439389521597342401,6488827181921406381,8,757.56,USD
10515023653762962677,c3680031-bfea-4885-a500-b1b450d999b6,14289424412277949767,3468005635999818085,5900426755771783233,7,1936.87,USD
3168951433465666149,eab51c88-9a44-4a44-a1d0-27d15d7728f0,15409000985348395489,10858607304849224486,17635132390540015562,4,414.28,USD
