cust_id,name,email,phone_number,created_at
6767260,Stacey Miller,wcabrera@example.net,001-822-778-2489x63834,2024-02-17 11:02:08
8322130,Rachel Hayes,jeffreymorgan@example.net,+1-239-730-1031,2017-11-18 11:49:50
4652082,Willie Ramirez,ilewis@example.net,001-897-737-6311,2023-11-19 05:26:22
4729265,Robert Shields,nuneztracey@example.org,4658133387,2019-10-19 08:32:10
1828920,Joshua Wright,ramosmichelle@example.net,908-501-3267,2023-07-02 04:16:44
4552386,Rachel Martin,gallowayjoseph@example.com,268-272-3430x9805,2026-08-13 03:41:39
1209512,Thomas Calhoun,brianromero@example.org,291-336-1939,2023-10-23 04:10:00
4528862,Diane Cunningham,sarah35@example.org,362-547-5107x991,2025-04-13 15:48:37
8020685,Joseph Mahoney,suarezmike@example.org,384.498.0841x241,2021-04-23 12:19:35
938845,Juan Clark,james48@example.com,801-264-0052x427,2018-07-31 08:39:33
8083692,Charles Ware,amydavenport@example.net,+1-526-520-4505,2018-06-04 22:30:44
9813340,Michael Castro,vdickson@example.org,622.460.2563,2018-07-07 21:12:16
1673370,Patrick Williams,dwalker@example.com,733-203-6541x4586,2018-08-21 21:49:28
4714915,Natalie Green,benjamin96@example.com,001-556-798-1693x4060,2024-01-06 04:32:48
3179668,Chad Beck,cindy14@example.net,665-864-8236x6299,2025-12-30 23:08:08
4098056,Martha Torres,russellcarpenter@example.net,577-673-8721x48951,2020-07-01 01:39:39
8163606,Lindsay Hernandez,sanchezthomas@example.org,569.436.7632x016,2025-06-27 16:16:30
6432433,Steven Grant,bryantlaurie@example.net,589.657.9868x72774,2025-07-18 10:40:46
3551711,Todd Allen,sjones@example.org,855-881-2236x231,2022-04-22 05:25:32
4888349,Amy Perry,marissaprice@example.net,001-509-967-0546x688,2020-05-29 15:20:35
5727929,Joshua Tucker,rrogers@example.com,001-427-929-8069x9016,2019-10-08 10:12:48
711865,Brent Gray,shawnrogers@example.com,264-517-0805x310,2020-01-25 23:38:10
7854304,Mary Howell,davidcaldwell@example.net,674.352.9912,2026-07-10 00:32:22
8178283,Anthony Collins,tsanders@example.org,793-814-9190,2022-12-24 20:21:07
3317843,Casey Holland,atkinsonlynn@example.org,(657)726-2849x87769,2020-11-07 15:42:33
998246,Mariah Miller,dsanchez@example.net,+1-665-607-5273x545,2026-02-17 18:22:56
1445829,Alejandro Vaughan,allenrichard@example.net,001-937-777-0143x63495,2023-12-01 04:32:39
5139970,Wendy Pierce,jacqueline44@example.com,913.651.8233,2025-08-08 04:20:14
535831,Candice Hooper,kennethward@example.com,9823400842,2016-11-19 09:57:56
4639701,Audrey Harrison,dpeterson@example.com,511.367.1902x2941,2026-03-03 22:41:57
2823745,Kathy Obrien,kimberlyjames@example.com,496-549-9091x3341,2019-08-20 05:46:19
8737281,Andrea Moore,mhayes@example.com,503-444-7134x9361,2021-03-12 18:48:07
9629448,Margaret Jones,lauralarson@example.net,271-874-6488x7719,2022-02-28 00:53:40
4028344,Cassandra Johnson,suzannehuff@example.net,001-604-490-2787,2026-08-20 07:29:48
5525355,Ryan Olsen,harrisonricky@example.com,+1-712-356-7468x07154,2023-07-21 15:46:11
7335577,Michelle Bryan,sandovalamy@example.com,6384597703,2021-07-29 22:50:11
1592941,Samuel Wolfe,johnsoncrystal@example.org,001-424-980-8613x171,2021-08-22 18:22:01
1040196,William Hill,pbaird@example.com,+1-826-739-8214,2025-04-25 04:08:50
9259400,Joseph Smith,mary97@example.org,887.555.8867x533,2023-08-31 16:02:22
970435,Bradley Garner,qhughes@example.net,(370)928-9517,2016-12-08 13:36:59
1585993,Jennifer Ortiz,charlesharrington@example.com,696-515-8657x80913,2018-03-19 19:09:35
397392,Ryan Garcia,wallaceheather@example.org,8504455623,2019-07-27 10:36:56
5368355,Gregory Lynch,pharvey@example.com,001-623-474-7407,2017-12-07 03:54:06
798429,Scott Reed,danielle64@example.com,836-671-3695x9440,2016-10-24 12:28:22
6128366,Ashlee Jennings,lozanojulie@example.com,001-739-453-3942x10470,2018-03-18 06:28:46
3330147,Renee Murphy,ithompson@example.net,(488)542-4745x171,2023-06-09 15:06:50
2463650,Tammy Ballard,christopher60@example.com,+1-517-954-9651,2017-02-06 16:45:45
1344514,Christine Hahn,rose31@example.net,446.812.0047x113,2024-05-24 01:04:36
4740431,Nathan Avery,umatthews@example.org,(717)796-4053x77351,2017-09-15 10:42:02
2733014,Raymond Lopez,rushmadison@example.org,+1-539-500-5329x31839,2022-04-07 19:10:04
9469056,Kim Kramer,ramireztracey@example.org,+1-742-210-2053,2019-08-22 22:17:37
6572963,Joseph Martinez,vfox@example.org,975.289.1783x9084,2017-09-17 03:45:28
9918069,Yolanda Boone,fparks@example.net,711.859.2124x998,2025-09-13 23:11:12
7846369,Kenneth Wagner,sgarcia@example.org,+1-883-767-3657x6615,2021-01-05 00:44:17
3134598,Nicholas Hernandez,fjones@example.org,(215)628-0988x51656,2021-12-28 16:34:26
5883652,Michael Lane,ericolson@example.org,(285)614-9368x998,2017-03-03 02:37:42
9472435,Henry Park,sandra50@example.org,(896)812-0183,2024-05-24 01:22:48
1053437,Matthew Wood,kimberly99@example.org,9229901476,2023-09-21 20:22:22
5117582,Joshua Fischer,reeddaniel@example.net,+1-497-684-0369x00343,2021-08-07 18:18:04
2220074,Mark Smith,ythompson@example.net,001-738-885-1606x071,2026-06-07 04:22:31
7261881,Richard Bowman,darius05@example.org,+1-875-616-1369x681,2022-06-14 20:42:26
8342693,Jeffrey Maxwell,dixondaniel@example.net,455.423.1243,2017-12-16 10:18:41
9261661,Gregory Mejia,kmarshall@example.net,299.755.2717x744,2025-04-22 16:22:37
4115371,Charles Murray,brownmarie@example.org,+1-719-998-6798x0793,2025-03-16 14:07:42
4085382,Edward Brown,shepherdmary@example.net,482-703-7788,2023-01-08 00:32:03
7904311,Samantha Hughes,erika05@example.org,818-464-4925x19254,2018-02-12 15:01:54
4083605,Kyle Bennett,lisa81@example.net,+1-468-350-5423x57332,2021-09-16 04:31:53
5496388,Megan Garcia,stanleynancy@example.net,(296)822-2927,2022-11-15 21:04:57
6236955,Erica Young,wbishop@example.net,838.834.7359x774,2019-06-08 04:40:59
7998020,Lisa Solis,moniquewilliams@example.com,(881)381-4124x782,2020-06-14 21:31:27
5016495,Lisa Wilkerson,perryrandy@example.com,461.453.0515,2017-04-30 05:00:11
7621602,Justin Gallegos,katherineharrison@example.net,8103432898,2021-07-30 09:38:17
8552897,John Martinez,robertbauer@example.com,417-698-0893,2023-12-24 09:33:36
1534098,Aaron Gomez,qlopez@example.org,651.288.8880x67065,2022-10-02 02:30:52
8591718,Kristina Cooper,ingramjill@example.com,(405)385-2772,2024-06-18 02:56:32
86954,Benjamin Harris,ninastewart@example.com,868.874.0345x05415,2024-02-27 15:05:47
7817100,Patricia Hughes,tylerjimenez@example.net,716-616-9284x511,2021-11-21 16:47:31
7603487,Sean Robbins,hannahbell@example.org,001-959-264-0165x8202,2018-10-28 13:36:08
3688382,Carlos Osborne,michael90@example.net,(775)857-1928,2022-01-09 17:22:18
6171153,Debra Wright,johnsonjacob@example.net,(381)944-7394x7312,2019-08-13 01:11:57
7405600,Rachel Wallace,cochrantammy@example.com,+1-451-588-4422x58313,2025-01-29 22:42:29
1876742,Anthony Spencer,tanner82@example.net,314-467-8669,2022-01-26 03:24:34
9696351,Dawn Cole,david89@example.org,001-626-380-1824x22535,2020-12-09 09:47:23
8096599,James Huber,david49@example.net,782-299-2299,2017-02-27 12:10:43
7814484,Christopher Fry,debra96@example.net,+1-407-984-4736x4710,2023-09-30 18:49:25
7992623,Todd Harris,larryhiggins@example.net,(962)558-8153x714,2019-01-27 14:00:47
538793,Colin Roberts,alin@example.org,(959)653-2787,2025-02-19 18:02:53
7062452,Andrew Landry,nlevy@example.net,(400)647-9748x016,2022-11-25 01:31:54
7441865,Kathryn Diaz,jwilliams@example.org,(484)316-8784x991,2023-05-18 19:59:47
4747731,Nathaniel Hatfield,kari39@example.net,(480)700-2578x7298,2022-02-04 11:27:28
6087883,Francisco Ewing,brittney88@example.net,994.670.5516x9409,2026-07-08 17:09:43
5774016,Becky Griffith,ojackson@example.net,+1-462-830-9130x756,2020-02-23 03:20:52
2497555,Robert Hampton,vsalas@example.net,7284385786,2024-06-30 10:48:37
8595063,Rhonda Peterson,erica49@example.com,934.784.3443,2024-11-02 14:17:20
1612043,Michael Peck,keith98@example.com,(652)640-4157x4733,2019-01-05 04:26:38
322288,Daniel Yang,johnsantiago@example.net,230.416.5712,2023-08-07 15:15:15
1695520,Denise Gilmore,mwoods@example.com,440-619-3802x62067,2017-04-25 00:10:43
7551116,Albert Bradley,hebertmatthew@example.com,+1-688-472-8743x1527,2016-11-30 17:12:13
2226699,Jill Gibbs,gregorychase@example.com,(585)916-1227x53046,2021-03-21 05:53:45
5733441,Stephanie Turner,greenmichael@example.org,6177426841,2020-06-07 12:14:33
