prod_id,title,category,price_cents
1369895,Sharable bifurcated algorithm,Electronics,2139
2607821,Fully-configurable directional challenge,Home,16549
2130460,Synergistic user-facing moratorium,Clothing,9644
7938788,Reverse-engineered interactive alliance,Electronics,44848
2943232,Cross-group didactic emulation,Books,6197
6168854,Robust 4thgeneration open architecture,Books,28151
8414355,Universal solution-oriented standardization,Electronics,2452
2719890,Operative directional knowledge user,Electronics,14828
3004060,Adaptive well-modulated workforce,Clothing,33618
3348097,Total interactive Graphical User Interface,Books,2239
1579184,Distributed didactic task-force,Books,13531
8884337,Customer-focused background implementation,Books,27993
6275515,Multi-channeled grid-enabled portal,Clothing,29939
5603840,Balanced upward-trending knowledgebase,Books,18731
80873,Decentralized homogeneous artificial intelligence,Electronics,10963
5716632,Implemented responsive process improvement,Sports,22798
1646824,Re-engineered content-based strategy,Home,10689
3525502,Balanced stable emulation,Clothing,22559
5986138,Configurable discrete attitude,Electronics,6578
3659398,Grass-roots logistical productivity,Sports,6838
5897549,Diverse holistic help-desk,Home,23041
1737611,Synchronized encompassing standardization,Books,17835
789719,Robust scalable concept,Electronics,48323
2478818,Upgradable dynamic complexity,Sports,35642
3217369,Multi-tiered encompassing productivity,Electronics,25307
845315,Face-to-face systemic Graphic Interface,Electronics,36678
9219380,Focused 5thgeneration workforce,Home,41698
521172,Open-architected encompassing architecture,Books,24200
5395258,Re-contextualized transitional functionalities,Books,13101
6739459,Streamlined modular infrastructure,Electronics,3503
4644129,Digitized empowering challenge,Clothing,19465
284202,User-friendly next generation monitoring,Electronics,15756
3152419,User-friendly optimal interface,Electronics,25411
2684913,Open-architected high-level definition,Home,30214
6241568,Profound modular array,Home,11159
8383786,Customizable coherent product,Home,23783
9345215,Synergized interactive policy,Clothing,44420
8999515,Networked homogeneous policy,Home,46494
2326029,Progressive eco-centric neural-net,Electronics,40420
1384117,Synergized uniform budgetary management,Clothing,35505
2814700,Versatile encompassing throughput,Clothing,11208
815600,Customizable explicit Internet solution,Sports,25367
26030,Persevering 24hour success,Home,42443
4848280,Profit-focused well-modulated conglomeration,Books,14892
2210366,Customer-focused responsive framework,Home,4165
9799626,Robust dedicated collaboration,Clothing,2603
8919422,Virtual cohesive moratorium,Home,26790
7019385,Adaptive radical Graphic Interface,Home,4837
9649394,Ameliorated bifurcated hierarchy,Clothing,37670
9130827,Front-line analyzing encoding,Home,14434
