crm_id,first_name,last_name,email_address,phone
CRM-1000,Stacey,Miller,wcabrera@example.net,001-822-778-2489x63834
CRM-1001,Rachel,Hayes,jeffreymorgan@example.net,+1-239-730-1031
CRM-1002,Willie,Ramirez,ilewis@example.net,001-897-737-6311
CRM-1003,Robert,Shields,nuneztracey@example.org,4658133387
CRM-1004,Joshua,Wright,ramosmichelle@example.net,908-501-3267
CRM-1005,Rachel,Martin,gallowayjoseph@example.com,268-272-3430x9805
CRM-1006,Thomas,Calhoun,brianromero@example.org,291-336-1939
CRM-1007,Diane,Cunningham,sarah35@example.org,362-547-5107x991
CRM-1008,Joseph,Mahoney,suarezmike@example.org,384.498.0841x241
CRM-1009,Juan,Clark,james48@example.com,801-264-0052x427
CRM-1010,Charles,Ware,amydavenport@example.net,+1-526-520-4505
CRM-1011,Michael,Castro,vdickson@example.org,622.460.2563
CRM-1012,Patrick,Williams,dwalker@example.com,733-203-6541x4586
CRM-1013,Natalie,Green,benjamin96@example.com,001-556-798-1693x4060
CRM-1014,Chad,Beck,cindy14@example.net,665-864-8236x6299
CRM-1015,Martha,Torres,russellcarpenter@example.net,577-673-8721x48951
CRM-1016,Lindsay,Hernandez,sanchezthomas@example.org,569.436.7632x016
CRM-1017,Steven,Grant,bryantlaurie@example.net,589.657.9868x72774
CRM-1018,Todd,Allen,sjones@example.org,855-881-2236x231
CRM-1019,Amy,Perry,marissaprice@example.net,001-509-967-0546x688
CRM-1020,Joshua,Tucker,rrogers@example.com,001-427-929-8069x9016
CRM-1021,Brent,Gray,shawnrogers@example.com,264-517-0805x310
CRM-1022,Mary,Howell,davidcaldwell@example.net,674.352.9912
CRM-1023,Anthony,Collins,tsanders@example.org,793-814-9190
CRM-1024,Casey,Holland,atkinsonlynn@example.org,(657)726-2849x87769
CRM-1025,Mariah,Miller,dsanchez@example.net,+1-665-607-5273x545
CRM-1026,Alejandro,Vaughan,allenrichard@example.net,001-937-777-0143x63495
CRM-1027,Wendy,Pierce,jacqueline44@example.com,913.651.8233
CRM-1028,Candice,Hooper,kennethward@example.com,9823400842
CRM-1029,Audrey,Harrison,dpeterson@example.com,511.367.1902x2941
CRM-1030,Kathy,Obrien,kimberlyjames@example.com,496-549-9091x3341
CRM-1031,Andrea,Moore,mhayes@example.com,503-444-7134x9361
CRM-1032,Margaret,Jones,lauralarson@example.net,271-874-6488x7719
CRM-1033,Cassandra,Johnson,suzannehuff@example.net,001-604-490-2787
CRM-1034,Ryan,Olsen,harrisonricky@example.com,+1-712-356-7468x07154
CRM-1035,Michelle,Bryan,sandovalamy@example.com,6384597703
CRM-1036,Samuel,Wolfe,johnsoncrystal@example.org,001-424-980-8613x171
CRM-1037,William,Hill,pbaird@example.com,+1-826-739-8214
CRM-1038,Joseph,Smith,mary97@example.org,887.555.8867x533
CRM-1039,Bradley,Garner,qhughes@example.net,(370)928-9517
CRM-1040,Jennifer,Ortiz,charlesharrington@example.com,696-515-8657x80913
CRM-1041,Ryan,Garcia,wallaceheather@example.org,8504455623
CRM-1042,Gregory,Lynch,pharvey@example.com,001-623-474-7407
CRM-1043,Scott,Reed,danielle64@example.com,836-671-3695x9440
CRM-1044,Ashlee,Jennings,lozanojulie@example.com,001-739-453-3942x10470
CRM-1045,Renee,Murphy,ithompson@example.net,(488)542-4745x171
CRM-1046,Tammy,Ballard,christopher60@example.com,+1-517-954-9651
CRM-1047,Christine,Hahn,rose31@example.net,446.812.0047x113
CRM-1048,Nathan,Avery,umatthews@example.org,(717)796-4053x77351
CRM-1049,Raymond,Lopez,rushmadison@example.org,+1-539-500-5329x31839
CRM-1050,Kim,Kramer,ramireztracey@example.org,+1-742-210-2053
CRM-1051,Joseph,Martinez,vfox@example.org,975.289.1783x9084
CRM-1052,Yolanda,Boone,fparks@example.net,711.859.2124x998
CRM-1053,Kenneth,Wagner,sgarcia@example.org,+1-883-767-3657x6615
CRM-1054,Nicholas,Hernandez,fjones@example.org,(215)628-0988x51656
CRM-1055,Michael,Lane,ericolson@example.org,(285)614-9368x998
CRM-1056,Henry,Park,sandra50@example.org,(896)812-0183
CRM-1057,Matthew,Wood,kimberly99@example.org,9229901476
CRM-1058,Joshua,Fischer,reeddaniel@example.net,+1-497-684-0369x00343
CRM-1059,Mark,Smith,ythompson@example.net,001-738-885-1606x071
CRM-1060,Richard,Bowman,DARIUS05@EXAMPLE.ORG,+18756161369x681 ext 1
CRM-1061,Jeffrey,Maxwell,DIXONDANIEL@EXAMPLE.NET,4554231243 ext 1
CRM-1062,Gregory,Mejia,KMARSHALL@EXAMPLE.NET,2997552717x744 ext 1
CRM-1063,Charles,Murray,BROWNMARIE@EXAMPLE.ORG,+17199986798x0793 ext 1
CRM-1064,Edward,Brown,SHEPHERDMARY@EXAMPLE.NET,4827037788 ext 1
CRM-1065,Samantha,Hughes,ERIKA05@EXAMPLE.ORG,8184644925x19254 ext 1
CRM-1066,Kyle,Bennett,LISA81@EXAMPLE.NET,+14683505423x57332 ext 1
CRM-1067,Megan,Garcia,STANLEYNANCY@EXAMPLE.NET,(296)8222927 ext 1
CRM-1068,Erica,Young,WBISHOP@EXAMPLE.NET,8388347359x774 ext 1
CRM-1069,Lisa,Solis,MONIQUEWILLIAMS@EXAMPLE.COM,(881)3814124x782 ext 1
CRM-1070,Lisa,Wilkerson,PERRYRANDY@EXAMPLE.COM,4614530515 ext 1
CRM-1071,Justin,Gallegos,KATHERINEHARRISON@EXAMPLE.NET,8103432898 ext 1
CRM-1072,John,Martinez,ROBERTBAUER@EXAMPLE.COM,4176980893 ext 1
CRM-1073,Aaron,Gomez,QLOPEZ@EXAMPLE.ORG,6512888880x67065 ext 1
CRM-1074,Kristina,Cooper,INGRAMJILL@EXAMPLE.COM,(405)3852772 ext 1
CRM-1075,Benjamin,Harris,NINASTEWART@EXAMPLE.COM,8688740345x05415 ext 1
CRM-1076,Patricia,Hughes,TYLERJIMENEZ@EXAMPLE.NET,7166169284x511 ext 1
CRM-1077,Sean,Robbins,HANNAHBELL@EXAMPLE.ORG,0019592640165x8202 ext 1
CRM-1078,Carlos,Osborne,MICHAEL90@EXAMPLE.NET,(775)8571928 ext 1
CRM-1079,Debra,Wright,JOHNSONJACOB@EXAMPLE.NET,(381)9447394x7312 ext 1
CRM-1080,Rache,Wallaceson,cocrantammy@example.com,+1-451-588-4422x58313
CRM-1081,Anthon,Spencerson,taner82@example.net,314-467-8669
CRM-1082,Daw,Coleson,davd89@example.org,001-626-380-1824x22535
CRM-1083,Jame,Huberson,davd49@example.net,782-299-2299
CRM-1084,Christophe,Fryson,deba96@example.net,+1-407-984-4736x4710
CRM-1085,Tod,Harrisson,laryhiggins@example.net,(962)558-8153x714
CRM-1086,Coli,Robertsson,ali@example.org,(959)653-2787
CRM-1087,Andre,Landryson,nley@example.net,(400)647-9748x016
CRM-1088,Kathry,Diazson,jwiliams@example.org,(484)316-8784x991
CRM-1089,Nathanie,Hatfieldson,kar39@example.net,(480)700-2578x7298
CRM-1090,John,Doe,,994.670.5516x9409
CRM-1091,Becky,Griffith,,+1-462-830-9130x756
CRM-1092,John,Doe,,7284385786
CRM-1093,Rhonda,Peterson,,934.784.3443
CRM-1094,John,Doe,,(652)640-4157x4733
CRM-1095,Daniel,Yang,,230.416.5712
CRM-1096,John,Doe,,440-619-3802x62067
CRM-1097,Albert,Bradley,,+1-688-472-8743x1527
CRM-1098,John,Doe,,(585)916-1227x53046
CRM-1099,Stephanie,Turner,,6177426841
